
=== Pi0.5 inference episode: 2026-07-25 19:47:50 ===
task: put cylinder in moving cup
config: transport=streaming_zmq, schedule=HAS, prefix_mode=official_rtc, u0=0.900, alpha=0.600, delay=4, early_stop_actions=5, execution_horizon=5, fps=20
summary: total_time=7.415s, inference_calls=29, completed_chunks=29, prefix_chunks=28, actions_applied=138, empty_action_steps=11
latency: avg_first_action=0.110s, p95_first_action=0.124s, recommended_delay=3, avg_final=0.161s, avg_chunk_duration=0.191s
profile: client_obs=0.006s, client_send=0.000s, server_preprocess=0.001s, server_kwargs=0.000s, server_first_delta=0.088s, server_compute=0.136s, server_postprocess=0.001s, server_send=0.000s, server_total=0.138s
high_level_profile: non_policy_overhead=0.009s, model_prefill=0.046s, model_denoise=0.083s, model_total=0.133s, robot_chunk_execution=0.191s
chunks:
  request  schedule  prefix  early_stop  emitted  executed  updates  first_action_s  final_s  duration_s
        1       HAS       0           5        5         5        4           0.493    0.544       0.193
        2       HAS       4           5        5         5        5           0.143    0.193       0.195
        3       HAS       4           5        5         5        5           0.095    0.145       0.194
        4       HAS       4           5        5         5        5           0.094    0.144       0.194
        5       HAS       4           5        5         5        5           0.094    0.144       0.194
        6       HAS       4           5        5         5        5           0.094    0.145       0.195
        7       HAS       4           5        5         5        5           0.095    0.145       0.194
        8       HAS       4           5        5         5        5           0.094    0.145       0.195
        9       HAS       4           5        5         5        5           0.095    0.145       0.195
       10       HAS       4           5        5         5        5           0.095    0.145       0.195
       11       HAS       4           5        5         5        5           0.095    0.145       0.193
       12       HAS       4           5        5         5        5           0.093    0.144       0.195
       13       HAS       4           5        5         5        5           0.095    0.145       0.195
       14       HAS       4           5        5         5        5           0.095    0.145       0.194
       15       HAS       4           5        5         5        5           0.094    0.145       0.194
       16       HAS       4           5        5         5        5           0.094    0.144       0.195
       17       HAS       4           5        5         5        5           0.095    0.145       0.195
       18       HAS       4           5        5         5        5           0.095    0.145       0.195
       19       HAS       4           5        5         5        5           0.094    0.146       0.196
       20       HAS       4           5        5         5        5           0.095    0.147       0.196
       21       HAS       4           5        5         5        5           0.096    0.146       0.195
       22       HAS       4           5        5         5        5           0.095    0.145       0.195
       23       HAS       4           5        5         5        5           0.095    0.145       0.195
       24       HAS       4           5        5         5        5           0.095    0.145       0.195
       25       HAS       4           5        5         5        5           0.095    0.145       0.195
       26       HAS       4           5        5         5        5           0.095    0.145       0.195
       27       HAS       4           5        5         5        5           0.095    0.145       0.195
       28       HAS       4           5        5         3        5           0.095    0.145       0.095
       29       HAS       4           5        1         0        1           0.095      n/a         n/a
profile by request:
  request  client_obs  client_send  server_pre  server_kwargs  server_first  server_compute  model_prefill  model_denoise  server_total
        1       0.007        0.000       0.004          0.000         0.464           0.497          0.119          0.084         0.501
        2       0.007        0.000       0.002          0.000         0.085           0.136          0.013          0.091         0.138
        3       0.005        0.000       0.001          0.000         0.075           0.126          0.013          0.086         0.128
        4       0.007        0.000       0.001          0.000         0.075           0.126          0.013          0.085         0.127
        5       0.006        0.000       0.001          0.000         0.073           0.125          0.013          0.085         0.126
        6       0.006        0.000       0.001          0.000         0.073           0.125          0.013          0.084         0.126
        7       0.005        0.000       0.001          0.000         0.073           0.124          0.013          0.084         0.126
        8       0.006        0.000       0.001          0.000         0.073           0.125          0.013          0.084         0.126
        9       0.005        0.000       0.001          0.000         0.073           0.124          0.013          0.084         0.126
       10       0.006        0.000       0.001          0.000         0.073           0.124          0.013          0.084         0.126
       11       0.005        0.000       0.001          0.000         0.073           0.124          0.013          0.084         0.126
       12       0.007        0.000       0.001          0.000         0.073           0.124          0.013          0.084         0.126
       13       0.005        0.000       0.001          0.000         0.073           0.124          0.013          0.084         0.126
       14       0.005        0.000       0.001          0.000         0.073           0.124          0.013          0.084         0.126
       15       0.006        0.000       0.001          0.000         0.073           0.124          0.013          0.084         0.126
       16       0.006        0.000       0.001          0.000         0.075           0.126          0.013          0.085         0.127
       17       0.005        0.000       0.001          0.000         0.076           0.128          0.013          0.087         0.129
       18       0.005        0.000       0.001          0.000         0.073           0.125          0.013          0.084         0.126
       19       0.006        0.000       0.001          0.000         0.075           0.126          0.013          0.084         0.127
       20       0.005        0.000       0.001          0.000         0.073           0.125          0.013          0.084         0.126
       21       0.005        0.000       0.001          0.000         0.073           0.125          0.013          0.084         0.126
       22       0.005        0.000       0.001          0.000         0.073           0.124          0.013          0.084         0.126
       23       0.005        0.000       0.001          0.000         0.074           0.125          0.013          0.084         0.126
       24       0.005        0.000       0.001          0.000         0.073           0.124          0.013          0.084         0.126
       25       0.005        0.000       0.001          0.000         0.073           0.124          0.013          0.083         0.125
       26       0.005        0.000       0.001          0.000         0.073           0.124          0.013          0.084         0.126
       27       0.005        0.000       0.001          0.000         0.073           0.124          0.013          0.084         0.126
       28       0.005        0.000       0.001          0.000         0.073           0.125          0.013          0.084         0.126
       29       0.005        0.000       0.001          0.000         0.076           0.075          0.013          0.036         0.076

=== Pi0.5 inference episode: 2026-07-25 19:48:22 ===
task: put cylinder in moving cup
config: transport=streaming_zmq, schedule=HAS, prefix_mode=official_rtc, u0=0.900, alpha=0.600, delay=4, early_stop_actions=5, execution_horizon=5, fps=20
summary: total_time=7.113s, inference_calls=29, completed_chunks=29, prefix_chunks=28, actions_applied=140, empty_action_steps=3
latency: avg_first_action=0.098s, p95_first_action=0.125s, recommended_delay=3, avg_final=0.152s, avg_chunk_duration=0.195s
profile: client_obs=0.006s, client_send=0.000s, server_preprocess=0.001s, server_kwargs=0.000s, server_first_delta=0.074s, server_compute=0.125s, server_postprocess=0.001s, server_send=0.000s, server_total=0.126s
high_level_profile: non_policy_overhead=0.008s, model_prefill=0.036s, model_denoise=0.084s, model_total=0.122s, robot_chunk_execution=0.195s
chunks:
  request  schedule  prefix  early_stop  emitted  executed  updates  first_action_s  final_s  duration_s
       30       HAS       0           5        5         5        4           0.095    0.145       0.195
       31       HAS       4           5        5         5        5           0.095    0.145       0.194
       32       HAS       4           5        5         5        5           0.094    0.144       0.195
       33       HAS       4           5        5         5        5           0.095    0.195       0.195
       34       HAS       4           5        5         5        5           0.095    0.145       0.195
       35       HAS       4           5        5         5        5           0.095    0.145       0.194
       36       HAS       4           5        5         5        5           0.094    0.144       0.195
       37       HAS       4           5        5         5        5           0.095    0.145       0.194
       38       HAS       4           5        5         5        5           0.094    0.144       0.195
       39       HAS       4           5        5         5        5           0.095    0.145       0.194
       40       HAS       4           5        5         5        5           0.094    0.144       0.195
       41       HAS       4           5        5         5        5           0.095    0.145       0.194
       42       HAS       4           5        5         5        5           0.094    0.145       0.195
       43       HAS       4           5        5         5        5           0.095    0.145       0.194
       44       HAS       4           5        5         5        5           0.094    0.144       0.195
       45       HAS       4           5        5         5        5           0.095    0.145       0.194
       46       HAS       4           5        5         5        5           0.094    0.144       0.194
       47       HAS       4           5        5         5        5           0.094    0.145       0.195
       48       HAS       4           5        5         5        5           0.095    0.145       0.194
       49       HAS       4           5        5         5        5           0.094    0.145       0.195
       50       HAS       4           5        5         5        5           0.095    0.146       0.195
       51       HAS       4           5        5         5        5           0.094    0.145       0.195
       52       HAS       4           5        5         5        5           0.095    0.145       0.195
       53       HAS       4           5        5         5        5           0.095    0.145       0.195
       54       HAS       4           5        5         5        5           0.095    0.145       0.195
       55       HAS       4           5        5         5        5           0.095    0.146       0.195
       56       HAS       4           5        5         5        5           0.145    0.245       0.195
       57       HAS       4           5        5         5        5           0.095    0.195       0.196
       58       HAS       4           5        5         0        4           0.145      n/a         n/a
profile by request:
  request  client_obs  client_send  server_pre  server_kwargs  server_first  server_compute  model_prefill  model_denoise  server_total
       30       0.005        0.000       0.002          0.000         0.085           0.118          0.013          0.074         0.120
       31       0.005        0.000       0.002          0.000         0.084           0.135          0.013          0.090         0.137
       32       0.006        0.000       0.001          0.000         0.072           0.124          0.013          0.083         0.125
       33       0.005        0.000       0.001          0.000         0.072           0.124          0.013          0.083         0.125
       34       0.005        0.000       0.002          0.000         0.073           0.123          0.013          0.083         0.125
       35       0.005        0.000       0.001          0.000         0.072           0.124          0.013          0.083         0.125
       36       0.006        0.000       0.001          0.000         0.072           0.124          0.013          0.083         0.125
       37       0.005        0.000       0.002          0.000         0.073           0.124          0.013          0.083         0.126
       38       0.006        0.000       0.001          0.000         0.073           0.124          0.013          0.083         0.125
       39       0.005        0.000       0.001          0.000         0.073           0.124          0.013          0.084         0.126
       40       0.006        0.000       0.001          0.000         0.074           0.125          0.013          0.085         0.127
       41       0.006        0.000       0.001          0.000         0.076           0.127          0.013          0.086         0.128
       42       0.006        0.000       0.001          0.000         0.073           0.124          0.013          0.084         0.126
       43       0.005        0.000       0.002          0.000         0.074           0.124          0.013          0.083         0.126
       44       0.006        0.000       0.001          0.000         0.073           0.124          0.013          0.084         0.126
       45       0.005        0.000       0.002          0.000         0.074           0.125          0.013          0.084         0.127
       46       0.006        0.000       0.001          0.000         0.073           0.124          0.013          0.084         0.126
       47       0.006        0.000       0.002          0.000         0.073           0.124          0.013          0.084         0.126
       48       0.005        0.000       0.001          0.000         0.073           0.124          0.013          0.084         0.125
       49       0.006        0.000       0.001          0.000         0.073           0.124          0.013          0.084         0.126
       50       0.005        0.000       0.001          0.000         0.073           0.124          0.013          0.084         0.126
       51       0.006        0.000       0.001          0.000         0.073           0.124          0.013          0.084         0.125
       52       0.005        0.000       0.001          0.000         0.073           0.124          0.013          0.084         0.126
       53       0.005        0.000       0.001          0.000         0.076           0.127          0.013          0.086         0.129
       54       0.005        0.000       0.001          0.000         0.074           0.125          0.013          0.085         0.127
       55       0.005        0.000       0.001          0.000         0.073           0.124          0.013          0.084         0.126
       56       0.005        0.000       0.002          0.000         0.074           0.125          0.013          0.084         0.127
       57       0.005        0.000       0.001          0.000         0.073           0.125          0.013          0.084         0.126
       58       0.005        0.000       0.001          0.000         0.073           0.125          0.013          0.084         0.126

=== Pi0.5 inference episode: 2026-07-25 19:49:00 ===
task: put cylinder in moving cup
config: transport=streaming_zmq, schedule=HAS, prefix_mode=official_rtc, u0=0.900, alpha=0.600, delay=4, early_stop_actions=5, execution_horizon=5, fps=20
summary: total_time=7.964s, inference_calls=33, completed_chunks=33, prefix_chunks=32, actions_applied=157, empty_action_steps=3
latency: avg_first_action=0.095s, p95_first_action=0.095s, recommended_delay=2, avg_final=0.145s, avg_chunk_duration=0.190s
profile: client_obs=0.005s, client_send=0.000s, server_preprocess=0.001s, server_kwargs=0.000s, server_first_delta=0.074s, server_compute=0.125s, server_postprocess=0.001s, server_send=0.000s, server_total=0.126s
high_level_profile: non_policy_overhead=0.008s, model_prefill=0.036s, model_denoise=0.084s, model_total=0.123s, robot_chunk_execution=0.190s
chunks:
  request  schedule  prefix  early_stop  emitted  executed  updates  first_action_s  final_s  duration_s
       59       HAS       0           5        5         5        4           0.094    0.145       0.195
       60       HAS       4           5        5         5        5           0.095    0.145       0.194
       61       HAS       4           5        5         5        5           0.094    0.145       0.195
       62       HAS       4           5        5         5        5           0.095    0.145       0.195
       63       HAS       4           5        5         5        5           0.094    0.145       0.195
       64       HAS       4           5        5         5        5           0.095    0.145       0.195
       65       HAS       4           5        5         5        5           0.095    0.145       0.195
       66       HAS       4           5        5         5        5           0.095    0.145       0.195
       67       HAS       4           5        5         5        5           0.095    0.146       0.195
       68       HAS       4           5        5         5        5           0.095    0.145       0.195
       69       HAS       4           5        5         5        5           0.095    0.145       0.195
       70       HAS       4           5        5         5        5           0.095    0.145       0.195
       71       HAS       4           5        5         5        5           0.095    0.145       0.195
       72       HAS       4           5        5         5        5           0.095    0.145       0.195
       73       HAS       4           5        5         5        5           0.095    0.145       0.195
       74       HAS       4           5        5         5        5           0.095    0.145       0.195
       75       HAS       4           5        5         5        5           0.095    0.145       0.195
       76       HAS       4           5        5         5        5           0.095    0.145       0.195
       77       HAS       4           5        5         5        5           0.095    0.145       0.195
       78       HAS       4           5        5         5        5           0.095    0.145       0.195
       79       HAS       4           5        5         5        5           0.095    0.145       0.195
       80       HAS       4           5        5         5        5           0.095    0.145       0.195
       81       HAS       4           5        5         5        5           0.094    0.145       0.195
       82       HAS       4           5        5         5        5           0.095    0.145       0.195
       83       HAS       4           5        5         5        5           0.095    0.145       0.194
       84       HAS       4           5        5         5        5           0.094    0.145       0.195
       85       HAS       4           5        5         5        5           0.095    0.145       0.195
       86       HAS       4           5        5         5        5           0.095    0.145       0.193
       87       HAS       4           5        5         5        5           0.095    0.145       0.195
       88       HAS       4           5        5         5        5           0.095    0.145       0.194
       89       HAS       4           5        5         5        5           0.094    0.144       0.195
       90       HAS       4           5        5         2        5           0.095    0.145       0.044
       91       HAS       4           5        0         0        0             n/a      n/a         n/a
profile by request:
  request  client_obs  client_send  server_pre  server_kwargs  server_first  server_compute  model_prefill  model_denoise  server_total
       59       0.006        0.000       0.002          0.000         0.084           0.118          0.013          0.074         0.120
       60       0.005        0.000       0.001          0.000         0.078           0.129          0.013          0.087         0.131
       61       0.006        0.000       0.001          0.000         0.074           0.125          0.013          0.084         0.126
       62       0.005        0.000       0.001          0.000         0.073           0.124          0.013          0.084         0.126
       63       0.006        0.000       0.001          0.000         0.073           0.125          0.013          0.084         0.126
       64       0.005        0.000       0.001          0.000         0.073           0.124          0.013          0.084         0.126
       65       0.005        0.000       0.001          0.000         0.073           0.124          0.013          0.084         0.126
       66       0.005        0.000       0.001          0.000         0.073           0.124          0.013          0.084         0.126
       67       0.005        0.000       0.001          0.000         0.073           0.124          0.013          0.084         0.126
       68       0.005        0.000       0.001          0.000         0.073           0.124          0.013          0.084         0.126
       69       0.005        0.000       0.001          0.000         0.073           0.124          0.013          0.084         0.126
       70       0.005        0.000       0.002          0.000         0.074           0.125          0.013          0.085         0.127
       71       0.005        0.000       0.001          0.000         0.073           0.125          0.013          0.084         0.126
       72       0.005        0.000       0.001          0.000         0.076           0.127          0.013          0.086         0.129
       73       0.005        0.000       0.001          0.000         0.076           0.128          0.013          0.086         0.129
       74       0.005        0.000       0.001          0.000         0.073           0.124          0.013          0.084         0.126
       75       0.005        0.000       0.002          0.000         0.074           0.124          0.013          0.084         0.126
       76       0.005        0.000       0.001          0.000         0.073           0.124          0.013          0.084         0.125
       77       0.005        0.000       0.001          0.000         0.073           0.124          0.013          0.084         0.126
       78       0.005        0.000       0.001          0.000         0.073           0.124          0.013          0.084         0.125
       79       0.005        0.000       0.002          0.000         0.073           0.124          0.013          0.084         0.126
       80       0.006        0.000       0.001          0.000         0.073           0.124          0.013          0.084         0.126
       81       0.006        0.000       0.001          0.000         0.073           0.124          0.013          0.084         0.126
       82       0.005        0.000       0.001          0.000         0.075           0.126          0.013          0.084         0.128
       83       0.005        0.000       0.001          0.000         0.073           0.124          0.013          0.084         0.126
       84       0.006        0.000       0.001          0.000         0.073           0.124          0.013          0.084         0.126
       85       0.005        0.000       0.001          0.000         0.076           0.128          0.013          0.086         0.129
       86       0.005        0.000       0.001          0.000         0.073           0.125          0.013          0.085         0.127
       87       0.006        0.001       0.001          0.000         0.073           0.125          0.013          0.084         0.126
       88       0.005        0.000       0.002          0.000         0.074           0.125          0.013          0.084         0.126
       89       0.006        0.000       0.001          0.000         0.073           0.125          0.013          0.084         0.126
       90       0.005        0.000       0.001          0.000         0.073           0.124          0.013          0.084         0.126
       91       0.006        0.000         n/a            n/a           n/a             n/a            n/a            n/a           n/a

=== Pi0.5 inference episode: 2026-07-25 19:49:20 ===
task: put cylinder in moving cup
config: transport=streaming_zmq, schedule=HAS, prefix_mode=official_rtc, u0=0.900, alpha=0.600, delay=4, early_stop_actions=5, execution_horizon=5, fps=20
summary: total_time=7.863s, inference_calls=32, completed_chunks=32, prefix_chunks=31, actions_applied=155, empty_action_steps=3
latency: avg_first_action=0.096s, p95_first_action=0.095s, recommended_delay=2, avg_final=0.145s, avg_chunk_duration=0.195s
profile: client_obs=0.006s, client_send=0.000s, server_preprocess=0.001s, server_kwargs=0.000s, server_first_delta=0.074s, server_compute=0.124s, server_postprocess=0.001s, server_send=0.000s, server_total=0.126s
high_level_profile: non_policy_overhead=0.008s, model_prefill=0.036s, model_denoise=0.084s, model_total=0.122s, robot_chunk_execution=0.195s
chunks:
  request  schedule  prefix  early_stop  emitted  executed  updates  first_action_s  final_s  duration_s
       92       HAS       0           5        5         5        4           0.145    0.145       0.195
       93       HAS       4           5        5         5        5           0.095    0.145       0.194
       94       HAS       4           5        5         5        5           0.094    0.144       0.195
       95       HAS       4           5        5         5        5           0.095    0.145       0.195
       96       HAS       4           5        5         5        5           0.095    0.145       0.195
       97       HAS       4           5        5         5        5           0.095    0.145       0.195
       98       HAS       4           5        5         5        5           0.095    0.145       0.195
       99       HAS       4           5        5         5        5           0.095    0.145       0.195
      100       HAS       4           5        5         5        5           0.095    0.145       0.194
      101       HAS       4           5        5         5        5           0.094    0.144       0.195
      102       HAS       4           5        5         5        5           0.095    0.145       0.195
      103       HAS       4           5        5         5        5           0.095    0.145       0.195
      104       HAS       4           5        5         5        5           0.095    0.145       0.194
      105       HAS       4           5        5         5        5           0.094    0.144       0.195
      106       HAS       4           5        5         5        5           0.095    0.145       0.194
      107       HAS       4           5        5         5        5           0.094    0.145       0.195
      108       HAS       4           5        5         5        5           0.095    0.145       0.194
      109       HAS       4           5        5         5        5           0.094    0.145       0.195
      110       HAS       4           5        5         5        5           0.095    0.145       0.194
      111       HAS       4           5        5         5        5           0.094    0.144       0.195
      112       HAS       4           5        5         5        5           0.095    0.145       0.195
      113       HAS       4           5        5         5        5           0.095    0.145       0.194
      114       HAS       4           5        5         5        5           0.094    0.145       0.194
      115       HAS       4           5        5         5        5           0.094    0.144       0.194
      116       HAS       4           5        5         5        5           0.094    0.145       0.195
      117       HAS       4           5        5         5        5           0.095    0.145       0.194
      118       HAS       4           5        5         5        5           0.094    0.145       0.196
      119       HAS       4           5        5         5        5           0.096    0.146       0.195
      120       HAS       4           5        5         5        5           0.095    0.145       0.195
      121       HAS       4           5        5         5        5           0.095    0.145       0.194
      122       HAS       4           5        5         5        5           0.094    0.145       0.195
      123       HAS       4           5        5         0        5           0.095    0.145         n/a
profile by request:
  request  client_obs  client_send  server_pre  server_kwargs  server_first  server_compute  model_prefill  model_denoise  server_total
       92       0.005        0.000       0.001          0.000         0.084           0.118          0.013          0.074         0.119
       93       0.005        0.000       0.001          0.000         0.075           0.127          0.013          0.084         0.129
       94       0.007        0.000       0.001          0.000         0.073           0.124          0.013          0.083         0.126
       95       0.005        0.000       0.001          0.000         0.073           0.124          0.013          0.083         0.125
       96       0.005        0.000       0.001          0.000         0.073           0.124          0.013          0.083         0.126
       97       0.005        0.000       0.001          0.000         0.072           0.124          0.013          0.083         0.125
       98       0.005        0.000       0.002          0.000         0.073           0.124          0.013          0.083         0.125
       99       0.006        0.000       0.001          0.000         0.073           0.124          0.013          0.083         0.125
      100       0.005        0.000       0.001          0.000         0.073           0.124          0.013          0.083         0.125
      101       0.006        0.000       0.001          0.000         0.074           0.125          0.013          0.085         0.127
      102       0.005        0.000       0.001          0.000         0.076           0.127          0.013          0.086         0.128
      103       0.005        0.000       0.001          0.000         0.073           0.125          0.013          0.084         0.126
      104       0.005        0.000       0.001          0.000         0.073           0.124          0.013          0.084         0.126
      105       0.006        0.000       0.001          0.000         0.073           0.125          0.013          0.085         0.126
      106       0.005        0.000       0.001          0.000         0.073           0.124          0.013          0.084         0.126
      107       0.006        0.001       0.001          0.000         0.073           0.124          0.013          0.084         0.126
      108       0.005        0.000       0.001          0.000         0.073           0.124          0.013          0.084         0.126
      109       0.006        0.000       0.001          0.000         0.073           0.124          0.013          0.084         0.125
      110       0.006        0.000       0.002          0.000         0.073           0.124          0.013          0.084         0.126
      111       0.006        0.000       0.001          0.000         0.073           0.125          0.013          0.084         0.126
      112       0.006        0.000       0.001          0.000         0.073           0.124          0.013          0.084         0.125
      113       0.006        0.000       0.001          0.000         0.073           0.124          0.013          0.084         0.126
      114       0.006        0.000       0.001          0.000         0.073           0.124          0.013          0.084         0.125
      115       0.006        0.000       0.001          0.000         0.073           0.124          0.013          0.084         0.126
      116       0.006        0.000       0.001          0.000         0.073           0.124          0.013          0.084         0.125
      117       0.005        0.000       0.001          0.000         0.073           0.124          0.013          0.084         0.126
      118       0.006        0.000       0.001          0.000         0.073           0.124          0.013          0.084         0.126
      119       0.005        0.000       0.001          0.000         0.076           0.128          0.013          0.087         0.129
      120       0.006        0.000       0.001          0.000         0.073           0.125          0.013          0.084         0.126
      121       0.005        0.000       0.001          0.000         0.073           0.124          0.013          0.084         0.126
      122       0.006        0.000       0.001          0.000         0.073           0.124          0.013          0.084         0.126
      123       0.005        0.000       0.001          0.000         0.073           0.124          0.013          0.084         0.126

=== Pi0.5 inference episode: 2026-07-25 19:49:45 ===
task: put cylinder in moving cup
config: transport=streaming_zmq, schedule=HAS, prefix_mode=official_rtc, u0=0.900, alpha=0.600, delay=4, early_stop_actions=5, execution_horizon=5, fps=20
summary: total_time=7.765s, inference_calls=32, completed_chunks=32, prefix_chunks=31, actions_applied=153, empty_action_steps=3
latency: avg_first_action=0.096s, p95_first_action=0.096s, recommended_delay=2, avg_final=0.145s, avg_chunk_duration=0.192s
profile: client_obs=0.006s, client_send=0.000s, server_preprocess=0.001s, server_kwargs=0.000s, server_first_delta=0.074s, server_compute=0.123s, server_postprocess=0.001s, server_send=0.000s, server_total=0.124s
high_level_profile: non_policy_overhead=0.008s, model_prefill=0.036s, model_denoise=0.082s, model_total=0.121s, robot_chunk_execution=0.192s
chunks:
  request  schedule  prefix  early_stop  emitted  executed  updates  first_action_s  final_s  duration_s
      124       HAS       0           5        5         5        4           0.145    0.146       0.195
      125       HAS       4           5        5         5        5           0.095    0.145       0.195
      126       HAS       4           5        5         5        5           0.095    0.145       0.195
      127       HAS       4           5        5         5        5           0.095    0.146       0.194
      128       HAS       4           5        5         5        5           0.094    0.144       0.195
      129       HAS       4           5        5         5        5           0.095    0.145       0.194
      130       HAS       4           5        5         5        5           0.094    0.145       0.194
      131       HAS       4           5        5         5        5           0.094    0.144       0.194
      132       HAS       4           5        5         5        5           0.094    0.144       0.195
      133       HAS       4           5        5         5        5           0.095    0.146       0.195
      134       HAS       4           5        5         5        5           0.095    0.146       0.195
      135       HAS       4           5        5         5        5           0.095    0.145       0.195
      136       HAS       4           5        5         5        5           0.095    0.145       0.195
      137       HAS       4           5        5         5        5           0.095    0.145       0.195
      138       HAS       4           5        5         5        5           0.095    0.145       0.194
      139       HAS       4           5        5         5        5           0.094    0.145       0.195
      140       HAS       4           5        5         5        5           0.095    0.145       0.194
      141       HAS       4           5        5         5        5           0.094    0.144       0.195
      142       HAS       4           5        5         5        5           0.095    0.145       0.193
      143       HAS       4           5        5         5        5           0.093    0.144       0.195
      144       HAS       4           5        5         5        5           0.095    0.145       0.194
      145       HAS       4           5        5         5        5           0.094    0.144       0.195
      146       HAS       4           5        5         5        5           0.095    0.145       0.194
      147       HAS       4           5        5         5        5           0.094    0.144       0.195
      148       HAS       4           5        5         5        5           0.094    0.145       0.195
      149       HAS       4           5        5         5        5           0.095    0.145       0.195
      150       HAS       4           5        5         5        5           0.095    0.145       0.195
      151       HAS       4           5        5         5        5           0.096    0.145       0.196
      152       HAS       4           5        5         5        5           0.095    0.146       0.195
      153       HAS       4           5        5         5        5           0.095    0.145       0.196
      154       HAS       4           5        5         3        5           0.095    0.146       0.095
      155       HAS       4           5        1         0        1           0.095      n/a         n/a
profile by request:
  request  client_obs  client_send  server_pre  server_kwargs  server_first  server_compute  model_prefill  model_denoise  server_total
      124       0.005        0.000       0.002          0.000         0.085           0.119          0.013          0.074         0.120
      125       0.005        0.000       0.001          0.000         0.078           0.129          0.013          0.087         0.130
      126       0.005        0.000       0.001          0.000         0.074           0.125          0.013          0.084         0.126
      127       0.005        0.000       0.001          0.000         0.073           0.124          0.013          0.084         0.126
      128       0.006        0.000       0.001          0.000         0.073           0.125          0.013          0.084         0.126
      129       0.005        0.000       0.001          0.000         0.074           0.125          0.013          0.084         0.126
      130       0.006        0.000       0.001          0.000         0.073           0.124          0.013          0.084         0.126
      131       0.006        0.000       0.001          0.000         0.073           0.124          0.013          0.084         0.126
      132       0.006        0.000       0.001          0.000         0.073           0.124          0.013          0.084         0.125
      133       0.005        0.000       0.001          0.000         0.073           0.124          0.013          0.084         0.126
      134       0.005        0.000       0.001          0.000         0.073           0.124          0.013          0.084         0.126
      135       0.005        0.000       0.001          0.000         0.073           0.124          0.013          0.084         0.126
      136       0.005        0.000       0.001          0.000         0.073           0.124          0.013          0.084         0.125
      137       0.006        0.000       0.002          0.000         0.076           0.127          0.013          0.086         0.129
      138       0.005        0.000       0.001          0.000         0.076           0.128          0.013          0.086         0.129
      139       0.006        0.000       0.002          0.000         0.074           0.124          0.013          0.084         0.126
      140       0.005        0.000       0.001          0.000         0.073           0.125          0.013          0.084         0.126
      141       0.006        0.000       0.001          0.000         0.073           0.125          0.013          0.084         0.126
      142       0.006        0.000       0.001          0.000         0.073           0.124          0.013          0.084         0.126
      143       0.007        0.000       0.002          0.000         0.073           0.124          0.013          0.084         0.126
      144       0.006        0.000       0.001          0.000         0.073           0.124          0.013          0.084         0.126
      145       0.006        0.000       0.001          0.000         0.073           0.124          0.013          0.084         0.126
      146       0.005        0.000       0.001          0.000         0.073           0.124          0.013          0.084         0.126
      147       0.006        0.000       0.001          0.000         0.073           0.124          0.013          0.084         0.126
      148       0.006        0.000       0.001          0.000         0.073           0.124          0.013          0.084         0.126
      149       0.005        0.000       0.002          0.000         0.073           0.124          0.013          0.084         0.126
      150       0.005        0.000       0.001          0.000         0.076           0.128          0.013          0.086         0.129
      151       0.005        0.000       0.001          0.000         0.073           0.125          0.013          0.084         0.126
      152       0.006        0.000       0.001          0.000         0.073           0.124          0.013          0.084         0.126
      153       0.006        0.000       0.001          0.000         0.073           0.124          0.013          0.084         0.126
      154       0.005        0.000       0.001          0.000         0.073           0.124          0.013          0.084         0.126
      155       0.005        0.000       0.001          0.000         0.073           0.072          0.013          0.033         0.073

=== Pi0.5 inference episode: 2026-07-25 19:50:29 ===
task: put cylinder in moving cup
config: transport=streaming_zmq, schedule=HAS, prefix_mode=official_rtc, u0=0.900, alpha=0.600, delay=4, early_stop_actions=5, execution_horizon=5, fps=20
summary: total_time=4.407s, inference_calls=18, completed_chunks=18, prefix_chunks=17, actions_applied=85, empty_action_steps=3
latency: avg_first_action=0.098s, p95_first_action=0.103s, recommended_delay=3, avg_final=0.148s, avg_chunk_duration=0.195s
profile: client_obs=0.005s, client_send=0.000s, server_preprocess=0.001s, server_kwargs=0.000s, server_first_delta=0.074s, server_compute=0.125s, server_postprocess=0.001s, server_send=0.000s, server_total=0.126s
high_level_profile: non_policy_overhead=0.008s, model_prefill=0.036s, model_denoise=0.084s, model_total=0.122s, robot_chunk_execution=0.195s
chunks:
  request  schedule  prefix  early_stop  emitted  executed  updates  first_action_s  final_s  duration_s
      156       HAS       0           5        5         5        4           0.145    0.145       0.195
      157       HAS       4           5        5         5        5           0.095    0.145       0.195
      158       HAS       4           5        5         5        5           0.095    0.145       0.195
      159       HAS       4           5        5         5        5           0.095    0.145       0.195
      160       HAS       4           5        5         5        5           0.095    0.145       0.195
      161       HAS       4           5        5         5        5           0.095    0.145       0.195
      162       HAS       4           5        5         5        5           0.095    0.195       0.195
      163       HAS       4           5        5         5        5           0.095    0.145       0.195
      164       HAS       4           5        5         5        5           0.095    0.145       0.195
      165       HAS       4           5        5         5        5           0.095    0.145       0.195
      166       HAS       4           5        5         5        5           0.094    0.145       0.195
      167       HAS       4           5        5         5        5           0.095    0.145       0.195
      168       HAS       4           5        5         5        5           0.095    0.145       0.195
      169       HAS       4           5        5         5        5           0.095    0.145       0.195
      170       HAS       4           5        5         5        5           0.095    0.145       0.194
      171       HAS       4           5        5         5        5           0.094    0.145       0.195
      172       HAS       4           5        5         5        5           0.095    0.145       0.194
      173       HAS       4           5        5         0        5           0.094    0.145         n/a
profile by request:
  request  client_obs  client_send  server_pre  server_kwargs  server_first  server_compute  model_prefill  model_denoise  server_total
      156       0.005        0.000       0.002          0.000         0.084           0.118          0.013          0.074         0.120
      157       0.005        0.000       0.001          0.000         0.078           0.129          0.013          0.087         0.130
      158       0.005        0.000       0.002          0.000         0.074           0.124          0.013          0.084         0.127
      159       0.005        0.000       0.001          0.000         0.073           0.124          0.013          0.084         0.126
      160       0.005        0.000       0.001          0.000         0.073           0.124          0.013          0.084         0.126
      161       0.005        0.000       0.001          0.000         0.073           0.124          0.013          0.084         0.126
      162       0.005        0.000       0.001          0.000         0.073           0.124          0.013          0.084         0.125
      163       0.006        0.000       0.002          0.000         0.073           0.124          0.013          0.084         0.126
      164       0.005        0.000       0.001          0.000         0.073           0.124          0.013          0.084         0.125
      165       0.005        0.000       0.001          0.000         0.073           0.124          0.013          0.084         0.125
      166       0.006        0.000       0.001          0.000         0.073           0.124          0.013          0.084         0.126
      167       0.006        0.000       0.001          0.000         0.073           0.124          0.013          0.084         0.125
      168       0.005        0.000       0.001          0.000         0.073           0.124          0.013          0.084         0.125
      169       0.005        0.000       0.001          0.000         0.076           0.127          0.013          0.086         0.129
      170       0.005        0.000       0.001          0.000         0.075           0.126          0.013          0.086         0.128
      171       0.006        0.001       0.001          0.000         0.074           0.125          0.013          0.084         0.126
      172       0.005        0.000       0.001          0.000         0.073           0.125          0.013          0.085         0.127
      173       0.006        0.000       0.002          0.000         0.074           0.125          0.013          0.084         0.127

=== Pi0.5 inference episode: 2026-07-25 19:50:49 ===
task: put cylinder in moving cup
config: transport=streaming_zmq, schedule=HAS, prefix_mode=official_rtc, u0=0.900, alpha=0.600, delay=4, early_stop_actions=5, execution_horizon=5, fps=20
summary: total_time=7.313s, inference_calls=30, completed_chunks=30, prefix_chunks=29, actions_applied=144, empty_action_steps=3
latency: avg_first_action=0.096s, p95_first_action=0.096s, recommended_delay=2, avg_final=0.145s, avg_chunk_duration=0.193s
profile: client_obs=0.005s, client_send=0.000s, server_preprocess=0.001s, server_kwargs=0.000s, server_first_delta=0.074s, server_compute=0.124s, server_postprocess=0.001s, server_send=0.000s, server_total=0.126s
high_level_profile: non_policy_overhead=0.008s, model_prefill=0.036s, model_denoise=0.084s, model_total=0.122s, robot_chunk_execution=0.193s
chunks:
  request  schedule  prefix  early_stop  emitted  executed  updates  first_action_s  final_s  duration_s
      174       HAS       0           5        5         5        4           0.145    0.145       0.194
      175       HAS       4           5        5         5        5           0.094    0.145       0.195
      176       HAS       4           5        5         5        5           0.095    0.145       0.195
      177       HAS       4           5        5         5        5           0.095    0.145       0.194
      178       HAS       4           5        5         5        5           0.094    0.145       0.195
      179       HAS       4           5        5         5        5           0.095    0.145       0.194
      180       HAS       4           5        5         5        5           0.094    0.144       0.193
      181       HAS       4           5        5         5        5           0.093    0.143       0.195
      182       HAS       4           5        5         5        5           0.095    0.145       0.195
      183       HAS       4           5        5         5        5           0.095    0.145       0.194
      184       HAS       4           5        5         5        5           0.094    0.144       0.194
      185       HAS       4           5        5         5        5           0.094    0.145       0.194
      186       HAS       4           5        5         5        5           0.094    0.145       0.194
      187       HAS       4           5        5         5        5           0.094    0.145       0.195
      188       HAS       4           5        5         5        5           0.094    0.145       0.195
      189       HAS       4           5        5         5        5           0.095    0.145       0.195
      190       HAS       4           5        5         5        5           0.095    0.145       0.195
      191       HAS       4           5        5         5        5           0.095    0.145       0.196
      192       HAS       4           5        5         5        5           0.096    0.146       0.195
      193       HAS       4           5        5         5        5           0.095    0.145       0.195
      194       HAS       4           5        5         5        5           0.095    0.145       0.195
      195       HAS       4           5        5         5        5           0.095    0.145       0.195
      196       HAS       4           5        5         5        5           0.095    0.145       0.195
      197       HAS       4           5        5         5        5           0.095    0.145       0.195
      198       HAS       4           5        5         5        5           0.095    0.145       0.195
      199       HAS       4           5        5         5        5           0.095    0.145       0.195
      200       HAS       4           5        5         5        5           0.095    0.145       0.195
      201       HAS       4           5        5         5        5           0.095    0.145       0.195
      202       HAS       4           5        5         4        5           0.095    0.145       0.145
      203       HAS       4           5        5         0        5           0.095    0.145         n/a
profile by request:
  request  client_obs  client_send  server_pre  server_kwargs  server_first  server_compute  model_prefill  model_denoise  server_total
      174       0.006        0.000       0.002          0.000         0.085           0.118          0.013          0.074         0.120
      175       0.006        0.000       0.002          0.000         0.075           0.126          0.013          0.083         0.128
      176       0.005        0.000       0.002          0.000         0.073           0.124          0.013          0.084         0.126
      177       0.005        0.000       0.001          0.000         0.072           0.124          0.013          0.083         0.125
      178       0.006        0.000       0.001          0.000         0.072           0.124          0.013          0.083         0.125
      179       0.006        0.000       0.001          0.000         0.073           0.124          0.013          0.083         0.125
      180       0.006        0.000       0.001          0.000         0.072           0.124          0.013          0.083         0.125
      181       0.007        0.000       0.001          0.000         0.072           0.124          0.013          0.083         0.125
      182       0.005        0.000       0.001          0.000         0.072           0.124          0.013          0.083         0.125
      183       0.006        0.000       0.001          0.000         0.074           0.125          0.013          0.085         0.127
      184       0.006        0.000       0.001          0.000         0.076           0.127          0.013          0.086         0.129
      185       0.006        0.000       0.001          0.000         0.073           0.125          0.013          0.084         0.126
      186       0.006        0.000       0.001          0.000         0.073           0.125          0.013          0.084         0.126
      187       0.006        0.000       0.002          0.000         0.074           0.125          0.013          0.085         0.127
      188       0.006        0.000       0.001          0.000         0.073           0.124          0.013          0.084         0.126
      189       0.006        0.000       0.001          0.000         0.073           0.124          0.013          0.084         0.125
      190       0.005        0.000       0.001          0.000         0.073           0.124          0.013          0.084         0.126
      191       0.006        0.000       0.001          0.000         0.073           0.124          0.013          0.084         0.126
      192       0.005        0.000       0.001          0.000         0.073           0.124          0.013          0.084         0.126
      193       0.006        0.000       0.001          0.000         0.073           0.124          0.013          0.084         0.126
      194       0.005        0.000       0.001          0.000         0.073           0.124          0.013          0.084         0.126
      195       0.005        0.000       0.001          0.000         0.073           0.124          0.013          0.084         0.126
      196       0.005        0.000       0.001          0.000         0.076           0.127          0.013          0.086         0.129
      197       0.005        0.000       0.001          0.000         0.076           0.128          0.013          0.086         0.129
      198       0.005        0.000       0.001          0.000         0.073           0.124          0.013          0.084         0.126
      199       0.005        0.000       0.001          0.000         0.073           0.125          0.013          0.084         0.126
      200       0.005        0.000       0.002          0.000         0.073           0.124          0.013          0.084         0.126
      201       0.005        0.000       0.001          0.000         0.073           0.125          0.013          0.084         0.126
      202       0.005        0.000       0.001          0.000         0.073           0.124          0.013          0.084         0.126
      203       0.005        0.000       0.001          0.000         0.073           0.124          0.013          0.084         0.126

=== Pi0.5 inference episode: 2026-07-25 19:51:08 ===
task: put cylinder in moving cup
config: transport=streaming_zmq, schedule=HAS, prefix_mode=official_rtc, u0=0.900, alpha=0.600, delay=4, early_stop_actions=5, execution_horizon=5, fps=20
summary: total_time=7.263s, inference_calls=30, completed_chunks=30, prefix_chunks=29, actions_applied=143, empty_action_steps=3
latency: avg_first_action=0.095s, p95_first_action=0.095s, recommended_delay=2, avg_final=0.145s, avg_chunk_duration=0.191s
profile: client_obs=0.006s, client_send=0.000s, server_preprocess=0.001s, server_kwargs=0.000s, server_first_delta=0.074s, server_compute=0.124s, server_postprocess=0.001s, server_send=0.000s, server_total=0.125s
high_level_profile: non_policy_overhead=0.008s, model_prefill=0.036s, model_denoise=0.083s, model_total=0.122s, robot_chunk_execution=0.191s
chunks:
  request  schedule  prefix  early_stop  emitted  executed  updates  first_action_s  final_s  duration_s
      204       HAS       0           5        5         5        4           0.095    0.145       0.195
      205       HAS       4           5        5         5        5           0.095    0.145       0.194
      206       HAS       4           5        5         5        5           0.094    0.144       0.194
      207       HAS       4           5        5         5        5           0.094    0.145       0.194
      208       HAS       4           5        5         5        5           0.094    0.144       0.195
      209       HAS       4           5        5         5        5           0.095    0.145       0.194
      210       HAS       4           5        5         5        5           0.094    0.145       0.195
      211       HAS       4           5        5         5        5           0.095    0.145       0.194
      212       HAS       4           5        5         5        5           0.094    0.145       0.195
      213       HAS       4           5        5         5        5           0.095    0.145       0.194
      214       HAS       4           5        5         5        5           0.094    0.144       0.195
      215       HAS       4           5        5         5        5           0.095    0.145       0.195
      216       HAS       4           5        5         5        5           0.095    0.145       0.194
      217       HAS       4           5        5         5        5           0.094    0.145       0.195
      218       HAS       4           5        5         5        5           0.095    0.145       0.194
      219       HAS       4           5        5         5        5           0.094    0.144       0.195
      220       HAS       4           5        5         5        5           0.095    0.145       0.195
      221       HAS       4           5        5         5        5           0.094    0.145       0.195
      222       HAS       4           5        5         5        5           0.095    0.145       0.195
      223       HAS       4           5        5         5        5           0.095    0.145       0.195
      224       HAS       4           5        5         5        5           0.095    0.145       0.195
      225       HAS       4           5        5         5        5           0.095    0.145       0.195
      226       HAS       4           5        5         5        5           0.095    0.146       0.195
      227       HAS       4           5        5         5        5           0.095    0.145       0.195
      228       HAS       4           5        5         5        5           0.095    0.145       0.195
      229       HAS       4           5        5         5        5           0.095    0.145       0.195
      230       HAS       4           5        5         5        5           0.095    0.145       0.195
      231       HAS       4           5        5         5        5           0.095    0.145       0.195
      232       HAS       4           5        5         3        5           0.095    0.145       0.095
      233       HAS       4           5        1         0        1           0.095      n/a         n/a
profile by request:
  request  client_obs  client_send  server_pre  server_kwargs  server_first  server_compute  model_prefill  model_denoise  server_total
      204       0.005        0.000       0.001          0.000         0.083           0.118          0.013          0.074         0.119
      205       0.005        0.000       0.001          0.000         0.083           0.135          0.013          0.090         0.136
      206       0.007        0.000       0.001          0.000         0.073           0.126          0.013          0.084         0.127
      207       0.006        0.000       0.001          0.000         0.073           0.125          0.013          0.084         0.127
      208       0.006        0.000       0.001          0.000         0.073           0.125          0.013          0.084         0.127
      209       0.005        0.000       0.001          0.000         0.073           0.125          0.013          0.084         0.127
      210       0.006        0.000       0.001          0.000         0.073           0.125          0.013          0.084         0.126
      211       0.005        0.000       0.001          0.000         0.073           0.125          0.013          0.084         0.126
      212       0.006        0.000       0.001          0.000         0.073           0.125          0.013          0.084         0.126
      213       0.006        0.000       0.001          0.000         0.074           0.126          0.013          0.085         0.127
      214       0.006        0.000       0.001          0.000         0.075           0.127          0.013          0.086         0.128
      215       0.005        0.000       0.001          0.000         0.076           0.128          0.013          0.087         0.130
      216       0.005        0.000       0.001          0.000         0.074           0.126          0.013          0.085         0.127
      217       0.006        0.001       0.002          0.000         0.074           0.126          0.013          0.085         0.127
      218       0.006        0.000       0.001          0.000         0.074           0.126          0.013          0.085         0.127
      219       0.006        0.000       0.001          0.000         0.074           0.126          0.013          0.085         0.127
      220       0.006        0.000       0.001          0.000         0.074           0.126          0.013          0.085         0.127
      221       0.006        0.000       0.001          0.000         0.073           0.126          0.013          0.085         0.127
      222       0.005        0.000       0.001          0.000         0.073           0.124          0.013          0.084         0.126
      223       0.006        0.000       0.001          0.000         0.073           0.125          0.013          0.084         0.126
      224       0.005        0.000       0.002          0.000         0.073           0.124          0.013          0.084         0.126
      225       0.005        0.000       0.001          0.000         0.073           0.124          0.013          0.084         0.126
      226       0.005        0.000       0.001          0.000         0.073           0.125          0.013          0.084         0.126
      227       0.005        0.000       0.001          0.000         0.075           0.127          0.013          0.086         0.128
      228       0.005        0.000       0.001          0.000         0.076           0.127          0.013          0.086         0.128
      229       0.005        0.000       0.001          0.000         0.073           0.124          0.013          0.084         0.126
      230       0.005        0.000       0.001          0.000         0.073           0.124          0.013          0.084         0.126
      231       0.005        0.000       0.001          0.000         0.073           0.124          0.013          0.084         0.126
      232       0.005        0.000       0.001          0.000         0.073           0.124          0.013          0.084         0.126
      233       0.005        0.000       0.001          0.000         0.073           0.072          0.013          0.033         0.073

=== Pi0.5 inference episode: 2026-07-25 19:51:30 ===
task: put cylinder in moving cup
config: transport=streaming_zmq, schedule=HAS, prefix_mode=official_rtc, u0=0.900, alpha=0.600, delay=4, early_stop_actions=5, execution_horizon=5, fps=20
summary: total_time=7.262s, inference_calls=30, completed_chunks=30, prefix_chunks=29, actions_applied=143, empty_action_steps=3
latency: avg_first_action=0.095s, p95_first_action=0.095s, recommended_delay=2, avg_final=0.145s, avg_chunk_duration=0.191s
profile: client_obs=0.006s, client_send=0.000s, server_preprocess=0.001s, server_kwargs=0.000s, server_first_delta=0.074s, server_compute=0.123s, server_postprocess=0.001s, server_send=0.000s, server_total=0.124s
high_level_profile: non_policy_overhead=0.008s, model_prefill=0.036s, model_denoise=0.082s, model_total=0.121s, robot_chunk_execution=0.191s
chunks:
  request  schedule  prefix  early_stop  emitted  executed  updates  first_action_s  final_s  duration_s
      234       HAS       0           5        5         5        4           0.095    0.145       0.193
      235       HAS       4           5        5         5        5           0.093    0.143       0.194
      236       HAS       4           5        5         5        5           0.094    0.144       0.194
      237       HAS       4           5        5         5        5           0.094    0.145       0.195
      238       HAS       4           5        5         5        5           0.095    0.145       0.194
      239       HAS       4           5        5         5        5           0.094    0.144       0.194
      240       HAS       4           5        5         5        5           0.095    0.145       0.195
      241       HAS       4           5        5         5        5           0.094    0.145       0.194
      242       HAS       4           5        5         5        5           0.094    0.145       0.195
      243       HAS       4           5        5         5        5           0.095    0.145       0.194
      244       HAS       4           5        5         5        5           0.094    0.145       0.195
      245       HAS       4           5        5         5        5           0.095    0.145       0.195
      246       HAS       4           5        5         5        5           0.094    0.145       0.195
      247       HAS       4           5        5         5        5           0.095    0.146       0.195
      248       HAS       4           5        5         5        5           0.095    0.145       0.195
      249       HAS       4           5        5         5        5           0.095    0.146       0.195
      250       HAS       4           5        5         5        5           0.095    0.145       0.195
      251       HAS       4           5        5         5        5           0.095    0.145       0.195
      252       HAS       4           5        5         5        5           0.094    0.145       0.195
      253       HAS       4           5        5         5        5           0.095    0.145       0.195
      254       HAS       4           5        5         5        5           0.095    0.145       0.195
      255       HAS       4           5        5         5        5           0.095    0.145       0.195
      256       HAS       4           5        5         5        5           0.095    0.145       0.195
      257       HAS       4           5        5         5        5           0.095    0.145       0.195
      258       HAS       4           5        5         5        5           0.095    0.145       0.195
      259       HAS       4           5        5         5        5           0.095    0.145       0.195
      260       HAS       4           5        5         5        5           0.095    0.146       0.195
      261       HAS       4           5        5         5        5           0.095    0.145       0.195
      262       HAS       4           5        5         3        5           0.095    0.145       0.095
      263       HAS       4           5        1         0        1           0.095      n/a         n/a
profile by request:
  request  client_obs  client_send  server_pre  server_kwargs  server_first  server_compute  model_prefill  model_denoise  server_total
      234       0.005        0.000       0.001          0.000         0.083           0.118          0.013          0.074         0.119
      235       0.007        0.000       0.001          0.000         0.081           0.132          0.013          0.088         0.134
      236       0.006        0.000       0.001          0.000         0.072           0.124          0.013          0.083         0.125
      237       0.006        0.000       0.002          0.000         0.073           0.124          0.013          0.083         0.125
      238       0.005        0.000       0.001          0.000         0.073           0.124          0.013          0.083         0.125
      239       0.007        0.000       0.001          0.000         0.072           0.124          0.013          0.083         0.125
      240       0.006        0.001       0.001          0.000         0.072           0.123          0.013          0.083         0.125
      241       0.006        0.000       0.001          0.000         0.073           0.124          0.013          0.083         0.125
      242       0.006        0.000       0.001          0.000         0.072           0.124          0.013          0.083         0.125
      243       0.005        0.000       0.001          0.000         0.074           0.125          0.013          0.083         0.126
      244       0.006        0.000       0.001          0.000         0.075           0.126          0.013          0.086         0.128
      245       0.005        0.000       0.001          0.000         0.077           0.127          0.013          0.086         0.129
      246       0.006        0.000       0.001          0.000         0.073           0.124          0.013          0.084         0.126
      247       0.005        0.000       0.001          0.000         0.073           0.124          0.013          0.084         0.125
      248       0.005        0.000       0.001          0.000         0.073           0.124          0.013          0.084         0.126
      249       0.005        0.000       0.001          0.000         0.073           0.124          0.013          0.084         0.126
      250       0.006        0.000       0.001          0.000         0.073           0.124          0.013          0.084         0.125
      251       0.005        0.000       0.001          0.000         0.073           0.124          0.013          0.084         0.126
      252       0.006        0.000       0.001          0.000         0.073           0.124          0.013          0.084         0.126
      253       0.005        0.000       0.001          0.000         0.076           0.127          0.013          0.086         0.129
      254       0.006        0.000       0.001          0.000         0.073           0.125          0.013          0.084         0.126
      255       0.005        0.000       0.002          0.000         0.074           0.124          0.013          0.084         0.126
      256       0.005        0.000       0.001          0.000         0.073           0.125          0.013          0.084         0.126
      257       0.005        0.000       0.002          0.000         0.074           0.125          0.013          0.085         0.127
      258       0.005        0.000       0.001          0.000         0.073           0.124          0.013          0.084         0.125
      259       0.005        0.000       0.001          0.000         0.073           0.125          0.013          0.084         0.126
      260       0.005        0.000       0.002          0.000         0.073           0.124          0.013          0.084         0.126
      261       0.005        0.000       0.001          0.000         0.073           0.124          0.013          0.084         0.126
      262       0.005        0.000       0.001          0.000         0.073           0.124          0.013          0.084         0.126
      263       0.005        0.000       0.001          0.000         0.073           0.072          0.013          0.033         0.073

=== Pi0.5 inference episode: 2026-07-25 19:51:54 ===
task: put cylinder in moving cup
config: transport=streaming_zmq, schedule=HAS, prefix_mode=official_rtc, u0=0.900, alpha=0.600, delay=4, early_stop_actions=5, execution_horizon=5, fps=20
summary: total_time=7.363s, inference_calls=30, completed_chunks=30, prefix_chunks=29, actions_applied=145, empty_action_steps=3
latency: avg_first_action=0.097s, p95_first_action=0.095s, recommended_delay=2, avg_final=0.145s, avg_chunk_duration=0.195s
profile: client_obs=0.005s, client_send=0.000s, server_preprocess=0.001s, server_kwargs=0.000s, server_first_delta=0.074s, server_compute=0.125s, server_postprocess=0.001s, server_send=0.000s, server_total=0.126s
high_level_profile: non_policy_overhead=0.008s, model_prefill=0.036s, model_denoise=0.084s, model_total=0.122s, robot_chunk_execution=0.195s
chunks:
  request  schedule  prefix  early_stop  emitted  executed  updates  first_action_s  final_s  duration_s
      264       HAS       0           5        5         5        4           0.144    0.144       0.194
      265       HAS       4           5        5         5        5           0.094    0.144       0.195
      266       HAS       4           5        5         5        5           0.095    0.145       0.195
      267       HAS       4           5        5         5        5           0.095    0.145       0.195
      268       HAS       4           5        5         5        5           0.094    0.145       0.195
      269       HAS       4           5        5         5        5           0.095    0.145       0.194
      270       HAS       4           5        5         5        5           0.094    0.144       0.195
      271       HAS       4           5        5         5        5           0.096    0.145       0.194
      272       HAS       4           5        5         5        5           0.094    0.145       0.195
      273       HAS       4           5        5         5        5           0.095    0.146       0.194
      274       HAS       4           5        5         5        5           0.094    0.144       0.195
      275       HAS       4           5        5         5        5           0.095    0.145       0.195
      276       HAS       4           5        5         5        5           0.095    0.145       0.196
      277       HAS       4           5        5         5        5           0.095    0.146       0.195
      278       HAS       4           5        5         5        5           0.095    0.145       0.195
      279       HAS       4           5        5         5        5           0.095    0.146       0.195
      280       HAS       4           5        5         5        5           0.095    0.145       0.195
      281       HAS       4           5        5         5        5           0.095    0.146       0.195
      282       HAS       4           5        5         5        5           0.095    0.145       0.195
      283       HAS       4           5        5         5        5           0.095    0.145       0.195
      284       HAS       4           5        5         5        5           0.095    0.145       0.195
      285       HAS       4           5        5         5        5           0.095    0.145       0.195
      286       HAS       4           5        5         5        5           0.095    0.145       0.195
      287       HAS       4           5        5         5        5           0.095    0.146       0.195
      288       HAS       4           5        5         5        5           0.095    0.145       0.195
      289       HAS       4           5        5         5        5           0.095    0.145       0.195
      290       HAS       4           5        5         5        5           0.095    0.145       0.195
      291       HAS       4           5        5         5        5           0.095    0.145       0.195
      292       HAS       4           5        5         5        5           0.095    0.145       0.195
      293       HAS       4           5        5         0        5           0.095    0.145         n/a
profile by request:
  request  client_obs  client_send  server_pre  server_kwargs  server_first  server_compute  model_prefill  model_denoise  server_total
      264       0.007        0.000       0.002          0.000         0.084           0.118          0.013          0.074         0.120
      265       0.006        0.000       0.001          0.000         0.077           0.128          0.013          0.086         0.129
      266       0.005        0.000       0.001          0.000         0.074           0.126          0.013          0.085         0.127
      267       0.005        0.000       0.001          0.000         0.073           0.124          0.013          0.084         0.126
      268       0.006        0.000       0.001          0.000         0.073           0.124          0.013          0.084         0.126
      269       0.005        0.000       0.001          0.000         0.073           0.124          0.013          0.084         0.126
      270       0.006        0.000       0.001          0.000         0.073           0.125          0.013          0.084         0.126
      271       0.005        0.000       0.001          0.000         0.073           0.124          0.013          0.084         0.126
      272       0.006        0.000       0.001          0.000         0.073           0.124          0.013          0.084         0.125
      273       0.005        0.000       0.001          0.000         0.073           0.124          0.013          0.084         0.125
      274       0.006        0.000       0.001          0.000         0.073           0.124          0.013          0.084         0.126
      275       0.005        0.000       0.001          0.000         0.073           0.124          0.013          0.084         0.126
      276       0.005        0.000       0.001          0.000         0.073           0.124          0.013          0.084         0.126
      277       0.005        0.000       0.001          0.000         0.073           0.124          0.013          0.084         0.126
      278       0.005        0.000       0.001          0.000         0.076           0.127          0.013          0.086         0.129
      279       0.005        0.000       0.001          0.000         0.074           0.125          0.013          0.084         0.126
      280       0.005        0.000       0.001          0.000         0.073           0.124          0.013          0.084         0.126
      281       0.005        0.000       0.001          0.000         0.073           0.124          0.013          0.084         0.126
      282       0.005        0.000       0.001          0.000         0.073           0.124          0.013          0.084         0.126
      283       0.005        0.000       0.001          0.000         0.073           0.124          0.013          0.084         0.126
      284       0.005        0.000       0.001          0.000         0.073           0.124          0.013          0.084         0.125
      285       0.006        0.000       0.001          0.000         0.073           0.124          0.013          0.084         0.126
      286       0.005        0.000       0.001          0.000         0.073           0.124          0.013          0.084         0.126
      287       0.005        0.000       0.001          0.000         0.073           0.124          0.013          0.084         0.126
      288       0.005        0.000       0.002          0.000         0.074           0.124          0.013          0.084         0.126
      289       0.005        0.000       0.001          0.000         0.073           0.125          0.013          0.084         0.126
      290       0.005        0.000       0.002          0.000         0.076           0.127          0.013          0.086         0.129
      291       0.005        0.000       0.001          0.000         0.075           0.127          0.013          0.087         0.129
      292       0.005        0.000       0.002          0.000         0.073           0.124          0.013          0.084         0.126
      293       0.005        0.000       0.001          0.000         0.074           0.124          0.013          0.084         0.126

=== Pi0.5 inference episode: 2026-07-25 19:52:36 ===
task: put cylinder in moving cup
config: transport=streaming_zmq, schedule=HAS, prefix_mode=official_rtc, u0=0.900, alpha=0.600, delay=4, early_stop_actions=5, execution_horizon=5, fps=20
summary: total_time=8.014s, inference_calls=33, completed_chunks=33, prefix_chunks=32, actions_applied=158, empty_action_steps=3
latency: avg_first_action=0.095s, p95_first_action=0.095s, recommended_delay=2, avg_final=0.147s, avg_chunk_duration=0.192s
profile: client_obs=0.005s, client_send=0.000s, server_preprocess=0.001s, server_kwargs=0.000s, server_first_delta=0.074s, server_compute=0.123s, server_postprocess=0.001s, server_send=0.000s, server_total=0.124s
high_level_profile: non_policy_overhead=0.008s, model_prefill=0.036s, model_denoise=0.082s, model_total=0.121s, robot_chunk_execution=0.192s
chunks:
  request  schedule  prefix  early_stop  emitted  executed  updates  first_action_s  final_s  duration_s
      294       HAS       0           5        5         5        4           0.095    0.145       0.195
      295       HAS       4           5        5         5        5           0.095    0.145       0.194
      296       HAS       4           5        5         5        5           0.094    0.145       0.195
      297       HAS       4           5        5         5        5           0.095    0.145       0.195
      298       HAS       4           5        5         5        5           0.095    0.145       0.195
      299       HAS       4           5        5         5        5           0.095    0.145       0.195
      300       HAS       4           5        5         5        5           0.095    0.145       0.195
      301       HAS       4           5        5         5        5           0.095    0.145       0.194
      302       HAS       4           5        5         5        5           0.094    0.144       0.195
      303       HAS       4           5        5         5        5           0.095    0.145       0.194
      304       HAS       4           5        5         5        5           0.094    0.145       0.195
      305       HAS       4           5        5         5        5           0.095    0.145       0.194
      306       HAS       4           5        5         5        5           0.094    0.145       0.195
      307       HAS       4           5        5         5        5           0.095    0.145       0.195
      308       HAS       4           5        5         5        5           0.095    0.145       0.195
      309       HAS       4           5        5         5        5           0.095    0.146       0.193
      310       HAS       4           5        5         5        5           0.093    0.144       0.194
      311       HAS       4           5        5         5        5           0.094    0.145       0.195
      312       HAS       4           5        5         5        5           0.095    0.145       0.194
      313       HAS       4           5        5         5        5           0.094    0.145       0.196
      314       HAS       4           5        5         5        5           0.095    0.145       0.195
      315       HAS       4           5        5         5        5           0.095    0.145       0.195
      316       HAS       4           5        5         5        5           0.095    0.145       0.195
      317       HAS       4           5        5         5        5           0.095    0.145       0.195
      318       HAS       4           5        5         5        5           0.095    0.145       0.195
      319       HAS       4           5        5         5        5           0.095    0.145       0.195
      320       HAS       4           5        5         5        5           0.095    0.145       0.195
      321       HAS       4           5        5         5        5           0.095    0.145       0.196
      322       HAS       4           5        5         5        5           0.095    0.146       0.195
      323       HAS       4           5        5         5        5           0.095    0.195       0.195
      324       HAS       4           5        5         5        5           0.095    0.145       0.195
      325       HAS       4           5        5         3        5           0.095    0.145       0.095
      326       HAS       4           5        1         0        1           0.095      n/a         n/a
profile by request:
  request  client_obs  client_send  server_pre  server_kwargs  server_first  server_compute  model_prefill  model_denoise  server_total
      294       0.005        0.000       0.001          0.000         0.084           0.118          0.013          0.074         0.119
      295       0.005        0.000       0.002          0.000         0.078           0.129          0.013          0.087         0.131
      296       0.006        0.000       0.001          0.000         0.074           0.125          0.013          0.084         0.126
      297       0.005        0.000       0.001          0.000         0.073           0.124          0.013          0.084         0.126
      298       0.006        0.000       0.001          0.000         0.073           0.124          0.013          0.084         0.126
      299       0.005        0.000       0.001          0.000         0.073           0.124          0.013          0.084         0.126
      300       0.005        0.000       0.001          0.000         0.073           0.124          0.013          0.084         0.126
      301       0.005        0.000       0.001          0.000         0.073           0.124          0.013          0.084         0.126
      302       0.006        0.000       0.001          0.000         0.073           0.124          0.013          0.084         0.126
      303       0.006        0.000       0.002          0.000         0.073           0.124          0.013          0.084         0.126
      304       0.006        0.000       0.001          0.000         0.073           0.124          0.013          0.084         0.126
      305       0.005        0.000       0.002          0.000         0.074           0.124          0.013          0.084         0.126
      306       0.006        0.000       0.001          0.000         0.073           0.125          0.013          0.084         0.126
      307       0.005        0.000       0.002          0.000         0.076           0.127          0.013          0.086         0.129
      308       0.005        0.000       0.002          0.000         0.076           0.127          0.013          0.086         0.129
      309       0.005        0.000       0.002          0.000         0.074           0.124          0.013          0.084         0.127
      310       0.007        0.000       0.001          0.000         0.074           0.125          0.013          0.084         0.126
      311       0.006        0.000       0.001          0.000         0.073           0.125          0.013          0.084         0.126
      312       0.005        0.000       0.001          0.000         0.073           0.124          0.013          0.084         0.126
      313       0.006        0.000       0.001          0.000         0.073           0.124          0.013          0.084         0.126
      314       0.005        0.000       0.001          0.000         0.073           0.124          0.013          0.084         0.125
      315       0.006        0.000       0.001          0.000         0.073           0.124          0.013          0.084         0.126
      316       0.005        0.000       0.001          0.000         0.073           0.124          0.013          0.084         0.126
      317       0.005        0.000       0.001          0.000         0.073           0.124          0.013          0.084         0.126
      318       0.005        0.000       0.001          0.000         0.073           0.124          0.013          0.084         0.126
      319       0.005        0.000       0.002          0.000         0.073           0.124          0.013          0.084         0.126
      320       0.005        0.000       0.001          0.000         0.076           0.127          0.013          0.086         0.129
      321       0.005        0.000       0.001          0.000         0.073           0.125          0.013          0.084         0.126
      322       0.005        0.000       0.001          0.000         0.073           0.124          0.013          0.084         0.125
      323       0.005        0.000       0.001          0.000         0.073           0.124          0.013          0.084         0.126
      324       0.005        0.000       0.001          0.000         0.073           0.124          0.013          0.084         0.126
      325       0.005        0.000       0.001          0.000         0.073           0.124          0.013          0.084         0.126
      326       0.005        0.000       0.001          0.000         0.073           0.072          0.013          0.033         0.073

=== Pi0.5 inference episode: 2026-07-25 19:52:56 ===
task: put cylinder in moving cup
config: transport=streaming_zmq, schedule=HAS, prefix_mode=official_rtc, u0=0.900, alpha=0.600, delay=4, early_stop_actions=5, execution_horizon=5, fps=20
summary: total_time=7.669s, inference_calls=32, completed_chunks=32, prefix_chunks=31, actions_applied=151, empty_action_steps=3
latency: avg_first_action=0.096s, p95_first_action=0.095s, recommended_delay=2, avg_final=0.145s, avg_chunk_duration=0.188s
profile: client_obs=0.006s, client_send=0.000s, server_preprocess=0.001s, server_kwargs=0.000s, server_first_delta=0.074s, server_compute=0.125s, server_postprocess=0.001s, server_send=0.000s, server_total=0.126s
high_level_profile: non_policy_overhead=0.008s, model_prefill=0.036s, model_denoise=0.084s, model_total=0.122s, robot_chunk_execution=0.188s
chunks:
  request  schedule  prefix  early_stop  emitted  executed  updates  first_action_s  final_s  duration_s
      327       HAS       0           5        5         5        4           0.143    0.144       0.193
      328       HAS       4           5        5         5        5           0.093    0.144       0.194
      329       HAS       4           5        5         5        5           0.094    0.144       0.194
      330       HAS       4           5        5         5        5           0.094    0.144       0.194
      331       HAS       4           5        5         5        5           0.094    0.145       0.195
      332       HAS       4           5        5         5        5           0.095    0.145       0.194
      333       HAS       4           5        5         5        5           0.094    0.145       0.195
      334       HAS       4           5        5         5        5           0.095    0.145       0.194
      335       HAS       4           5        5         5        5           0.094    0.145       0.195
      336       HAS       4           5        5         5        5           0.095    0.145       0.195
      337       HAS       4           5        5         5        5           0.095    0.145       0.195
      338       HAS       4           5        5         5        5           0.095    0.145       0.194
      339       HAS       4           5        5         5        5           0.094    0.144       0.195
      340       HAS       4           5        5         5        5           0.095    0.146       0.195
      341       HAS       4           5        5         5        5           0.095    0.145       0.195
      342       HAS       4           5        5         5        5           0.095    0.145       0.195
      343       HAS       4           5        5         5        5           0.095    0.146       0.195
      344       HAS       4           5        5         5        5           0.095    0.145       0.195
      345       HAS       4           5        5         5        5           0.095    0.145       0.195
      346       HAS       4           5        5         5        5           0.095    0.145       0.195
      347       HAS       4           5        5         5        5           0.095    0.145       0.195
      348       HAS       4           5        5         5        5           0.095    0.145       0.195
      349       HAS       4           5        5         5        5           0.095    0.145       0.195
      350       HAS       4           5        5         5        5           0.095    0.145       0.195
      351       HAS       4           5        5         5        5           0.095    0.145       0.195
      352       HAS       4           5        5         5        5           0.095    0.145       0.195
      353       HAS       4           5        5         5        5           0.095    0.145       0.195
      354       HAS       4           5        5         5        5           0.095    0.145       0.194
      355       HAS       4           5        5         5        5           0.094    0.144       0.195
      356       HAS       4           5        5         5        5           0.095    0.145       0.195
      357       HAS       4           5        5         1        5           0.095    0.145       0.000
      358       HAS       4           5        0         0        0             n/a      n/a         n/a
profile by request:
  request  client_obs  client_send  server_pre  server_kwargs  server_first  server_compute  model_prefill  model_denoise  server_total
      327       0.007        0.000       0.001          0.000         0.084           0.118          0.013          0.074         0.119
      328       0.007        0.000       0.001          0.000         0.076           0.128          0.013          0.086         0.130
      329       0.006        0.000       0.001          0.000         0.075           0.126          0.013          0.085         0.128
      330       0.006        0.000       0.001          0.000         0.073           0.125          0.013          0.084         0.126
      331       0.006        0.000       0.001          0.000         0.073           0.124          0.013          0.084         0.126
      332       0.005        0.000       0.001          0.000         0.073           0.124          0.013          0.084         0.126
      333       0.006        0.000       0.001          0.000         0.073           0.125          0.013          0.084         0.126
      334       0.005        0.000       0.001          0.000         0.073           0.124          0.013          0.084         0.126
      335       0.006        0.000       0.001          0.000         0.073           0.124          0.013          0.084         0.125
      336       0.005        0.000       0.001          0.000         0.073           0.124          0.013          0.084         0.125
      337       0.006        0.000       0.001          0.000         0.073           0.124          0.013          0.084         0.126
      338       0.005        0.000       0.001          0.000         0.074           0.125          0.013          0.084         0.126
      339       0.006        0.000       0.001          0.000         0.073           0.124          0.013          0.084         0.126
      340       0.005        0.000       0.001          0.000         0.073           0.124          0.013          0.084         0.126
      341       0.005        0.000       0.001          0.000         0.073           0.124          0.013          0.084         0.125
      342       0.005        0.000       0.001          0.000         0.073           0.124          0.013          0.084         0.126
      343       0.005        0.000       0.001          0.000         0.073           0.124          0.013          0.084         0.126
      344       0.005        0.000       0.001          0.000         0.075           0.127          0.013          0.084         0.128
      345       0.005        0.000       0.002          0.000         0.074           0.125          0.013          0.084         0.127
      346       0.005        0.000       0.001          0.000         0.073           0.125          0.013          0.084         0.126
      347       0.005        0.000       0.001          0.000         0.073           0.124          0.013          0.084         0.125
      348       0.005        0.000       0.001          0.000         0.073           0.124          0.013          0.084         0.126
      349       0.005        0.000       0.001          0.000         0.076           0.127          0.013          0.086         0.129
      350       0.005        0.000       0.001          0.000         0.073           0.125          0.013          0.084         0.126
      351       0.005        0.000       0.002          0.000         0.073           0.124          0.013          0.084         0.126
      352       0.005        0.000       0.001          0.000         0.073           0.124          0.013          0.084         0.125
      353       0.005        0.000       0.001          0.000         0.073           0.124          0.013          0.084         0.125
      354       0.005        0.000       0.001          0.000         0.073           0.124          0.013          0.084         0.125
      355       0.006        0.000       0.001          0.000         0.073           0.124          0.013          0.084         0.126
      356       0.005        0.000       0.001          0.000         0.073           0.124          0.013          0.084         0.126
      357       0.005        0.000       0.001          0.000         0.073           0.124          0.013          0.084         0.126
      358       0.005        0.000         n/a            n/a           n/a             n/a            n/a            n/a           n/a

=== Pi0.5 inference episode: 2026-07-25 19:53:27 ===
task: put cylinder in moving cup
config: transport=streaming_zmq, schedule=HAS, prefix_mode=official_rtc, u0=0.900, alpha=0.600, delay=4, early_stop_actions=5, execution_horizon=5, fps=20
summary: total_time=7.514s, inference_calls=31, completed_chunks=31, prefix_chunks=30, actions_applied=148, empty_action_steps=3
latency: avg_first_action=0.096s, p95_first_action=0.095s, recommended_delay=2, avg_final=0.147s, avg_chunk_duration=0.192s
profile: client_obs=0.005s, client_send=0.000s, server_preprocess=0.001s, server_kwargs=0.000s, server_first_delta=0.074s, server_compute=0.123s, server_postprocess=0.001s, server_send=0.000s, server_total=0.124s
high_level_profile: non_policy_overhead=0.008s, model_prefill=0.036s, model_denoise=0.082s, model_total=0.121s, robot_chunk_execution=0.192s
chunks:
  request  schedule  prefix  early_stop  emitted  executed  updates  first_action_s  final_s  duration_s
      359       HAS       0           5        5         5        4           0.095    0.145       0.195
      360       HAS       4           5        5         5        5           0.095    0.145       0.195
      361       HAS       4           5        5         5        5           0.095    0.145       0.195
      362       HAS       4           5        5         5        5           0.095    0.145       0.194
      363       HAS       4           5        5         5        5           0.094    0.144       0.195
      364       HAS       4           5        5         5        5           0.095    0.145       0.195
      365       HAS       4           5        5         5        5           0.095    0.145       0.195
      366       HAS       4           5        5         5        5           0.095    0.145       0.195
      367       HAS       4           5        5         5        5           0.095    0.145       0.195
      368       HAS       4           5        5         5        5           0.095    0.145       0.194
      369       HAS       4           5        5         5        5           0.094    0.144       0.195
      370       HAS       4           5        5         5        5           0.095    0.145       0.195
      371       HAS       4           5        5         5        5           0.095    0.145       0.195
      372       HAS       4           5        5         5        5           0.095    0.145       0.194
      373       HAS       4           5        5         5        5           0.094    0.144       0.195
      374       HAS       4           5        5         5        5           0.095    0.145       0.195
      375       HAS       4           5        5         5        5           0.095    0.145       0.195
      376       HAS       4           5        5         5        5           0.094    0.145       0.195
      377       HAS       4           5        5         5        5           0.094    0.145       0.195
      378       HAS       4           5        5         5        5           0.095    0.145       0.195
      379       HAS       4           5        5         5        5           0.095    0.145       0.195
      380       HAS       4           5        5         5        5           0.095    0.145       0.195
      381       HAS       4           5        5         5        5           0.095    0.146       0.195
      382       HAS       4           5        5         5        5           0.095    0.145       0.195
      383       HAS       4           5        5         5        5           0.145    0.195       0.195
      384       HAS       4           5        5         5        5           0.095    0.145       0.195
      385       HAS       4           5        5         5        5           0.095    0.146       0.195
      386       HAS       4           5        5         5        5           0.095    0.146       0.195
      387       HAS       4           5        5         5        5           0.095    0.145       0.195
      388       HAS       4           5        5         3        5           0.095    0.145       0.095
      389       HAS       4           5        1         0        1           0.095      n/a         n/a
profile by request:
  request  client_obs  client_send  server_pre  server_kwargs  server_first  server_compute  model_prefill  model_denoise  server_total
      359       0.005        0.000       0.002          0.000         0.085           0.118          0.013          0.073         0.120
      360       0.005        0.000       0.002          0.000         0.084           0.135          0.013          0.090         0.137
      361       0.005        0.000       0.001          0.000         0.073           0.124          0.013          0.083         0.125
      362       0.005        0.000       0.001          0.000         0.073           0.124          0.013          0.083         0.125
      363       0.006        0.000       0.001          0.000         0.073           0.124          0.013          0.083         0.125
      364       0.005        0.000       0.001          0.000         0.072           0.124          0.013          0.083         0.125
      365       0.005        0.000       0.001          0.000         0.073           0.124          0.013          0.084         0.126
      366       0.005        0.000       0.001          0.000         0.072           0.124          0.013          0.083         0.125
      367       0.005        0.000       0.001          0.000         0.073           0.124          0.013          0.083         0.125
      368       0.006        0.000       0.001          0.000         0.073           0.124          0.013          0.084         0.125
      369       0.006        0.000       0.002          0.000         0.073           0.124          0.013          0.084         0.126
      370       0.005        0.000       0.001          0.000         0.075           0.127          0.013          0.086         0.128
      371       0.005        0.000       0.001          0.000         0.076           0.127          0.013          0.086         0.128
      372       0.005        0.000       0.001          0.000         0.073           0.124          0.013          0.084         0.126
      373       0.006        0.000       0.001          0.000         0.073           0.125          0.013          0.084         0.126
      374       0.006        0.000       0.001          0.000         0.073           0.125          0.013          0.084         0.126
      375       0.005        0.000       0.001          0.000         0.074           0.125          0.013          0.084         0.126
      376       0.006        0.000       0.001          0.000         0.073           0.124          0.013          0.084         0.126
      377       0.006        0.000       0.001          0.000         0.073           0.124          0.013          0.084         0.125
      378       0.005        0.000       0.001          0.000         0.073           0.124          0.013          0.084         0.126
      379       0.005        0.000       0.001          0.000         0.073           0.124          0.013          0.084         0.126
      380       0.005        0.000       0.001          0.000         0.073           0.124          0.013          0.084         0.126
      381       0.005        0.000       0.001          0.000         0.073           0.124          0.013          0.084         0.126
      382       0.005        0.000       0.001          0.000         0.073           0.124          0.013          0.084         0.125
      383       0.006        0.000       0.001          0.000         0.076           0.128          0.013          0.086         0.129
      384       0.005        0.000       0.001          0.000         0.073           0.124          0.013          0.084         0.126
      385       0.005        0.000       0.001          0.000         0.073           0.125          0.013          0.084         0.126
      386       0.005        0.000       0.001          0.000         0.073           0.124          0.013          0.084         0.126
      387       0.005        0.000       0.001          0.000         0.073           0.125          0.013          0.084         0.126
      388       0.005        0.000       0.001          0.000         0.073           0.124          0.013          0.084         0.125
      389       0.005        0.000       0.001          0.000         0.073           0.072          0.013          0.033         0.073

=== Pi0.5 inference episode: 2026-07-25 19:53:54 ===
task: put cylinder in moving cup
config: transport=streaming_zmq, schedule=HAS, prefix_mode=official_rtc, u0=0.900, alpha=0.600, delay=4, early_stop_actions=5, execution_horizon=5, fps=20
summary: total_time=7.814s, inference_calls=32, completed_chunks=32, prefix_chunks=31, actions_applied=154, empty_action_steps=3
latency: avg_first_action=0.096s, p95_first_action=0.095s, recommended_delay=2, avg_final=0.145s, avg_chunk_duration=0.193s
profile: client_obs=0.005s, client_send=0.000s, server_preprocess=0.001s, server_kwargs=0.000s, server_first_delta=0.074s, server_compute=0.125s, server_postprocess=0.001s, server_send=0.000s, server_total=0.126s
high_level_profile: non_policy_overhead=0.008s, model_prefill=0.036s, model_denoise=0.084s, model_total=0.123s, robot_chunk_execution=0.193s
chunks:
  request  schedule  prefix  early_stop  emitted  executed  updates  first_action_s  final_s  duration_s
      390       HAS       0           5        5         5        4           0.145    0.145       0.195
      391       HAS       4           5        5         5        5           0.095    0.145       0.194
      392       HAS       4           5        5         5        5           0.095    0.145       0.195
      393       HAS       4           5        5         5        5           0.095    0.145       0.194
      394       HAS       4           5        5         5        5           0.094    0.145       0.195
      395       HAS       4           5        5         5        5           0.095    0.145       0.194
      396       HAS       4           5        5         5        5           0.094    0.145       0.195
      397       HAS       4           5        5         5        5           0.095    0.145       0.194
      398       HAS       4           5        5         5        5           0.094    0.145       0.194
      399       HAS       4           5        5         5        5           0.094    0.144       0.194
      400       HAS       4           5        5         5        5           0.094    0.145       0.194
      401       HAS       4           5        5         5        5           0.094    0.144       0.195
      402       HAS       4           5        5         5        5           0.095    0.145       0.194
      403       HAS       4           5        5         5        5           0.094    0.144       0.195
      404       HAS       4           5        5         5        5           0.095    0.145       0.195
      405       HAS       4           5        5         5        5           0.094    0.145       0.195
      406       HAS       4           5        5         5        5           0.095    0.145       0.195
      407       HAS       4           5        5         5        5           0.095    0.145       0.195
      408       HAS       4           5        5         5        5           0.095    0.145       0.195
      409       HAS       4           5        5         5        5           0.095    0.145       0.196
      410       HAS       4           5        5         5        5           0.095    0.146       0.195
      411       HAS       4           5        5         5        5           0.095    0.145       0.195
      412       HAS       4           5        5         5        5           0.095    0.145       0.195
      413       HAS       4           5        5         5        5           0.095    0.145       0.195
      414       HAS       4           5        5         5        5           0.095    0.145       0.195
      415       HAS       4           5        5         5        5           0.095    0.145       0.195
      416       HAS       4           5        5         5        5           0.095    0.145       0.195
      417       HAS       4           5        5         5        5           0.095    0.145       0.195
      418       HAS       4           5        5         5        5           0.095    0.145       0.195
      419       HAS       4           5        5         5        5           0.095    0.145       0.195
      420       HAS       4           5        5         4        5           0.095    0.145       0.145
      421       HAS       4           5        5         0        5           0.094    0.145         n/a
profile by request:
  request  client_obs  client_send  server_pre  server_kwargs  server_first  server_compute  model_prefill  model_denoise  server_total
      390       0.006        0.000       0.002          0.000         0.085           0.119          0.013          0.074         0.121
      391       0.005        0.000       0.001          0.000         0.084           0.135          0.013          0.091         0.137
      392       0.006        0.001       0.001          0.000         0.073           0.124          0.013          0.083         0.126
      393       0.006        0.000       0.001          0.000         0.072           0.124          0.013          0.083         0.125
      394       0.006        0.000       0.001          0.000         0.072           0.124          0.013          0.083         0.125
      395       0.005        0.000       0.002          0.000         0.073           0.124          0.013          0.083         0.125
      396       0.006        0.000       0.001          0.000         0.072           0.124          0.013          0.083         0.125
      397       0.005        0.000       0.001          0.000         0.072           0.124          0.013          0.083         0.125
      398       0.006        0.000       0.001          0.000         0.073           0.124          0.013          0.083         0.126
      399       0.006        0.000       0.002          0.000         0.073           0.124          0.013          0.084         0.126
      400       0.006        0.000       0.001          0.000         0.073           0.124          0.013          0.084         0.126
      401       0.006        0.000       0.001          0.000         0.075           0.126          0.013          0.086         0.127
      402       0.005        0.000       0.002          0.000         0.076           0.127          0.013          0.086         0.129
      403       0.007        0.000       0.002          0.000         0.074           0.125          0.013          0.084         0.126
      404       0.005        0.000       0.002          0.000         0.074           0.125          0.013          0.084         0.126
      405       0.006        0.000       0.001          0.000         0.073           0.125          0.013          0.084         0.126
      406       0.005        0.000       0.001          0.000         0.073           0.125          0.013          0.084         0.126
      407       0.006        0.000       0.001          0.000         0.073           0.124          0.013          0.084         0.126
      408       0.005        0.000       0.001          0.000         0.073           0.124          0.013          0.084         0.126
      409       0.005        0.000       0.001          0.000         0.073           0.124          0.013          0.084         0.126
      410       0.005        0.000       0.001          0.000         0.073           0.124          0.013          0.084         0.126
      411       0.005        0.000       0.001          0.000         0.073           0.124          0.013          0.084         0.126
      412       0.005        0.000       0.002          0.000         0.073           0.124          0.013          0.084         0.126
      413       0.005        0.000       0.002          0.000         0.073           0.124          0.013          0.084         0.126
      414       0.005        0.000       0.001          0.000         0.076           0.127          0.013          0.086         0.129
      415       0.005        0.000       0.001          0.000         0.073           0.125          0.013          0.084         0.126
      416       0.005        0.000       0.001          0.000         0.073           0.124          0.013          0.084         0.126
      417       0.005        0.000       0.001          0.000         0.073           0.125          0.013          0.084         0.126
      418       0.005        0.000       0.001          0.000         0.073           0.125          0.013          0.084         0.126
      419       0.005        0.000       0.001          0.000         0.073           0.125          0.013          0.084         0.126
      420       0.005        0.000       0.001          0.000         0.073           0.124          0.013          0.084         0.125
      421       0.006        0.000       0.001          0.000         0.073           0.124          0.013          0.084         0.126

=== Pi0.5 inference episode: 2026-07-25 19:56:28 ===
task: put cylinder in moving cup
config: transport=streaming_zmq, schedule=HAS, prefix_mode=official_rtc, u0=0.900, alpha=0.600, delay=4, early_stop_actions=5, execution_horizon=5, fps=20
summary: total_time=6.463s, inference_calls=27, completed_chunks=27, prefix_chunks=26, actions_applied=126, empty_action_steps=3
latency: avg_first_action=0.096s, p95_first_action=0.095s, recommended_delay=2, avg_final=0.145s, avg_chunk_duration=0.187s
profile: client_obs=0.006s, client_send=0.000s, server_preprocess=0.001s, server_kwargs=0.000s, server_first_delta=0.074s, server_compute=0.125s, server_postprocess=0.001s, server_send=0.000s, server_total=0.126s
high_level_profile: non_policy_overhead=0.008s, model_prefill=0.036s, model_denoise=0.084s, model_total=0.123s, robot_chunk_execution=0.187s
chunks:
  request  schedule  prefix  early_stop  emitted  executed  updates  first_action_s  final_s  duration_s
        1       HAS       0           5        5         5        4           0.143    0.143       0.195
        2       HAS       4           5        5         5        5           0.095    0.145       0.195
        3       HAS       4           5        5         5        5           0.095    0.145       0.194
        4       HAS       4           5        5         5        5           0.094    0.144       0.193
        5       HAS       4           5        5         5        5           0.093    0.144       0.195
        6       HAS       4           5        5         5        5           0.094    0.145       0.194
        7       HAS       4           5        5         5        5           0.094    0.144       0.195
        8       HAS       4           5        5         5        5           0.095    0.146       0.194
        9       HAS       4           5        5         5        5           0.094    0.144       0.196
       10       HAS       4           5        5         5        5           0.095    0.146       0.195
       11       HAS       4           5        5         5        5           0.095    0.145       0.195
       12       HAS       4           5        5         5        5           0.095    0.145       0.195
       13       HAS       4           5        5         5        5           0.095    0.145       0.196
       14       HAS       4           5        5         5        5           0.095    0.146       0.195
       15       HAS       4           5        5         5        5           0.095    0.145       0.195
       16       HAS       4           5        5         5        5           0.095    0.145       0.194
       17       HAS       4           5        5         5        5           0.094    0.144       0.195
       18       HAS       4           5        5         5        5           0.095    0.145       0.195
       19       HAS       4           5        5         5        5           0.095    0.145       0.195
       20       HAS       4           5        5         5        5           0.095    0.145       0.195
       21       HAS       4           5        5         5        5           0.095    0.145       0.195
       22       HAS       4           5        5         5        5           0.095    0.145       0.195
       23       HAS       4           5        5         5        5           0.095    0.145       0.194
       24       HAS       4           5        5         5        5           0.094    0.144       0.195
       25       HAS       4           5        5         5        5           0.095    0.145       0.195
       26       HAS       4           5        5         1        5           0.095    0.145       0.000
       27       HAS       4           5        0         0        0             n/a      n/a         n/a
profile by request:
  request  client_obs  client_send  server_pre  server_kwargs  server_first  server_compute  model_prefill  model_denoise  server_total
        1       0.007        0.000       0.003          0.000         0.086           0.119          0.013          0.074         0.122
        2       0.005        0.000       0.002          0.000         0.079           0.130          0.013          0.088         0.132
        3       0.005        0.000       0.001          0.000         0.074           0.125          0.013          0.085         0.126
        4       0.006        0.000       0.001          0.000         0.073           0.125          0.013          0.084         0.126
        5       0.007        0.000       0.001          0.000         0.073           0.125          0.013          0.084         0.126
        6       0.006        0.000       0.001          0.000         0.073           0.125          0.013          0.085         0.126
        7       0.006        0.000       0.001          0.000         0.073           0.125          0.013          0.084         0.126
        8       0.005        0.000       0.001          0.000         0.073           0.125          0.013          0.084         0.126
        9       0.006        0.000       0.001          0.000         0.073           0.125          0.013          0.084         0.126
       10       0.005        0.000       0.001          0.000         0.073           0.125          0.013          0.084         0.126
       11       0.005        0.000       0.001          0.000         0.073           0.125          0.013          0.084         0.126
       12       0.005        0.000       0.002          0.000         0.073           0.124          0.013          0.084         0.126
       13       0.005        0.000       0.001          0.000         0.073           0.125          0.013          0.084         0.126
       14       0.005        0.000       0.001          0.000         0.076           0.128          0.013          0.086         0.129
       15       0.005        0.000       0.001          0.000         0.073           0.125          0.013          0.084         0.126
       16       0.005        0.000       0.001          0.000         0.073           0.125          0.013          0.084         0.126
       17       0.007        0.000       0.001          0.000         0.073           0.125          0.013          0.084         0.126
       18       0.005        0.000       0.002          0.000         0.074           0.125          0.013          0.084         0.126
       19       0.005        0.000       0.002          0.000         0.074           0.125          0.013          0.084         0.127
       20       0.005        0.000       0.001          0.000         0.073           0.125          0.013          0.084         0.126
       21       0.005        0.000       0.002          0.000         0.073           0.124          0.013          0.084         0.126
       22       0.006        0.000       0.001          0.000         0.073           0.125          0.013          0.084         0.126
       23       0.006        0.000       0.002          0.000         0.073           0.125          0.013          0.084         0.126
       24       0.006        0.000       0.001          0.000         0.073           0.124          0.013          0.084         0.126
       25       0.005        0.000       0.002          0.000         0.074           0.125          0.013          0.084         0.127
       26       0.005        0.000       0.001          0.000         0.073           0.124          0.013          0.084         0.126
       27       0.006        0.000         n/a            n/a           n/a             n/a            n/a            n/a           n/a

=== Pi0.5 inference episode: 2026-07-25 19:57:04 ===
task: put cylinder in moving cup
config: transport=streaming_zmq, schedule=HAS, prefix_mode=official_rtc, u0=0.900, alpha=0.600, delay=4, early_stop_actions=5, execution_horizon=5, fps=20
summary: total_time=8.016s, inference_calls=33, completed_chunks=33, prefix_chunks=32, actions_applied=158, empty_action_steps=3
latency: avg_first_action=0.095s, p95_first_action=0.095s, recommended_delay=2, avg_final=0.148s, avg_chunk_duration=0.192s
profile: client_obs=0.005s, client_send=0.000s, server_preprocess=0.001s, server_kwargs=0.000s, server_first_delta=0.074s, server_compute=0.123s, server_postprocess=0.001s, server_send=0.000s, server_total=0.125s
high_level_profile: non_policy_overhead=0.008s, model_prefill=0.036s, model_denoise=0.083s, model_total=0.121s, robot_chunk_execution=0.192s
chunks:
  request  schedule  prefix  early_stop  emitted  executed  updates  first_action_s  final_s  duration_s
       28       HAS       0           5        5         5        4           0.095    0.145       0.194
       29       HAS       4           5        5         5        5           0.094    0.194       0.195
       30       HAS       4           5        5         5        5           0.095    0.145       0.195
       31       HAS       4           5        5         5        5           0.095    0.145       0.195
       32       HAS       4           5        5         5        5           0.095    0.145       0.195
       33       HAS       4           5        5         5        5           0.095    0.195       0.195
       34       HAS       4           5        5         5        5           0.094    0.145       0.195
       35       HAS       4           5        5         5        5           0.095    0.145       0.193
       36       HAS       4           5        5         5        5           0.095    0.145       0.195
       37       HAS       4           5        5         5        5           0.095    0.145       0.194
       38       HAS       4           5        5         5        5           0.094    0.144       0.195
       39       HAS       4           5        5         5        5           0.095    0.145       0.194
       40       HAS       4           5        5         5        5           0.094    0.144       0.195
       41       HAS       4           5        5         5        5           0.095    0.145       0.195
       42       HAS       4           5        5         5        5           0.096    0.144       0.193
       43       HAS       4           5        5         5        5           0.093    0.144       0.196
       44       HAS       4           5        5         5        5           0.096    0.146       0.194
       45       HAS       4           5        5         5        5           0.094    0.144       0.195
       46       HAS       4           5        5         5        5           0.095    0.145       0.196
       47       HAS       4           5        5         5        5           0.095    0.145       0.195
       48       HAS       4           5        5         5        5           0.095    0.146       0.195
       49       HAS       4           5        5         5        5           0.095    0.145       0.195
       50       HAS       4           5        5         5        5           0.095    0.145       0.195
       51       HAS       4           5        5         5        5           0.095    0.145       0.195
       52       HAS       4           5        5         5        5           0.095    0.145       0.195
       53       HAS       4           5        5         5        5           0.095    0.145       0.195
       54       HAS       4           5        5         5        5           0.095    0.145       0.195
       55       HAS       4           5        5         5        5           0.095    0.146       0.194
       56       HAS       4           5        5         5        5           0.094    0.145       0.195
       57       HAS       4           5        5         5        5           0.095    0.145       0.195
       58       HAS       4           5        5         5        5           0.095    0.145       0.195
       59       HAS       4           5        5         3        5           0.095    0.145       0.095
       60       HAS       4           5        1         0        1           0.095      n/a         n/a
profile by request:
  request  client_obs  client_send  server_pre  server_kwargs  server_first  server_compute  model_prefill  model_denoise  server_total
       28       0.005        0.000       0.002          0.000         0.085           0.118          0.013          0.074         0.120
       29       0.006        0.000       0.002          0.000         0.084           0.135          0.013          0.091         0.137
       30       0.005        0.000       0.001          0.000         0.073           0.124          0.013          0.083         0.125
       31       0.005        0.000       0.001          0.000         0.072           0.124          0.013          0.083         0.125
       32       0.005        0.000       0.001          0.000         0.073           0.125          0.013          0.084         0.126
       33       0.005        0.000       0.001          0.000         0.072           0.124          0.013          0.084         0.125
       34       0.006        0.000       0.001          0.000         0.073           0.124          0.013          0.084         0.126
       35       0.005        0.000       0.001          0.000         0.073           0.124          0.013          0.084         0.126
       36       0.006        0.001       0.001          0.000         0.073           0.124          0.013          0.083         0.125
       37       0.005        0.000       0.001          0.000         0.073           0.124          0.013          0.084         0.126
       38       0.006        0.000       0.001          0.000         0.073           0.124          0.013          0.084         0.126
       39       0.005        0.000       0.001          0.000         0.073           0.125          0.013          0.084         0.126
       40       0.006        0.000       0.001          0.000         0.075           0.127          0.013          0.086         0.128
       41       0.005        0.000       0.001          0.000         0.076           0.127          0.013          0.086         0.129
       42       0.006        0.000       0.001          0.000         0.073           0.125          0.013          0.084         0.126
       43       0.007        0.000       0.001          0.000         0.074           0.125          0.013          0.084         0.126
       44       0.005        0.000       0.001          0.000         0.073           0.125          0.013          0.084         0.126
       45       0.006        0.000       0.001          0.000         0.074           0.125          0.013          0.084         0.126
       46       0.005        0.000       0.001          0.000         0.073           0.124          0.013          0.084         0.126
       47       0.005        0.000       0.001          0.000         0.073           0.125          0.013          0.084         0.126
       48       0.005        0.000       0.001          0.000         0.073           0.125          0.013          0.084         0.126
       49       0.005        0.000       0.002          0.000         0.074           0.125          0.013          0.084         0.127
       50       0.005        0.000       0.001          0.000         0.073           0.125          0.013          0.084         0.126
       51       0.005        0.000       0.002          0.000         0.073           0.125          0.013          0.084         0.126
       52       0.005        0.000       0.002          0.000         0.074           0.124          0.013          0.084         0.126
       53       0.005        0.000       0.001          0.000         0.076           0.128          0.013          0.087         0.129
       54       0.005        0.000       0.001          0.000         0.074           0.125          0.013          0.084         0.126
       55       0.005        0.000       0.001          0.000         0.073           0.124          0.013          0.084         0.126
       56       0.006        0.000       0.002          0.000         0.074           0.125          0.013          0.084         0.127
       57       0.005        0.000       0.001          0.000         0.073           0.124          0.013          0.084         0.126
       58       0.005        0.000       0.002          0.000         0.073           0.125          0.013          0.084         0.126
       59       0.005        0.000       0.001          0.000         0.073           0.125          0.013          0.084         0.126
       60       0.005        0.000       0.001          0.000         0.073           0.072          0.013          0.033         0.073

=== Pi0.5 inference episode: 2026-07-25 19:57:26 ===
task: put cylinder in moving cup
config: transport=streaming_zmq, schedule=HAS, prefix_mode=official_rtc, u0=0.900, alpha=0.600, delay=4, early_stop_actions=5, execution_horizon=5, fps=20
summary: total_time=7.421s, inference_calls=31, completed_chunks=31, prefix_chunks=30, actions_applied=146, empty_action_steps=3
latency: avg_first_action=0.095s, p95_first_action=0.096s, recommended_delay=2, avg_final=0.145s, avg_chunk_duration=0.188s
profile: client_obs=0.006s, client_send=0.000s, server_preprocess=0.001s, server_kwargs=0.000s, server_first_delta=0.074s, server_compute=0.125s, server_postprocess=0.001s, server_send=0.000s, server_total=0.126s
high_level_profile: non_policy_overhead=0.008s, model_prefill=0.036s, model_denoise=0.084s, model_total=0.123s, robot_chunk_execution=0.188s
chunks:
  request  schedule  prefix  early_stop  emitted  executed  updates  first_action_s  final_s  duration_s
       61       HAS       0           5        5         5        4           0.095    0.145       0.195
       62       HAS       4           5        5         5        5           0.095    0.145       0.195
       63       HAS       4           5        5         5        5           0.095    0.145       0.195
       64       HAS       4           5        5         5        5           0.095    0.145       0.194
       65       HAS       4           5        5         5        5           0.094    0.145       0.195
       66       HAS       4           5        5         5        5           0.095    0.145       0.194
       67       HAS       4           5        5         5        5           0.094    0.144       0.195
       68       HAS       4           5        5         5        5           0.095    0.145       0.194
       69       HAS       4           5        5         5        5           0.094    0.145       0.195
       70       HAS       4           5        5         5        5           0.095    0.145       0.194
       71       HAS       4           5        5         5        5           0.094    0.145       0.195
       72       HAS       4           5        5         5        5           0.095    0.145       0.194
       73       HAS       4           5        5         5        5           0.094    0.144       0.195
       74       HAS       4           5        5         5        5           0.095    0.145       0.194
       75       HAS       4           5        5         5        5           0.094    0.144       0.194
       76       HAS       4           5        5         5        5           0.093    0.144       0.194
       77       HAS       4           5        5         5        5           0.094    0.144       0.193
       78       HAS       4           5        5         5        5           0.093    0.144       0.196
       79       HAS       4           5        5         5        5           0.096    0.145       0.195
       80       HAS       4           5        5         5        5           0.095    0.145       0.194
       81       HAS       4           5        5         5        5           0.094    0.144       0.195
       82       HAS       4           5        5         5        5           0.095    0.145       0.195
       83       HAS       4           5        5         5        5           0.095    0.145       0.196
       84       HAS       4           5        5         5        5           0.096    0.146       0.195
       85       HAS       4           5        5         5        5           0.095    0.145       0.195
       86       HAS       4           5        5         5        5           0.095    0.145       0.195
       87       HAS       4           5        5         5        5           0.095    0.145       0.195
       88       HAS       4           5        5         5        5           0.095    0.145       0.195
       89       HAS       4           5        5         5        5           0.095    0.146       0.195
       90       HAS       4           5        5         1        5           0.095    0.145       0.000
       91       HAS       4           5        0         0        0             n/a      n/a         n/a
profile by request:
  request  client_obs  client_send  server_pre  server_kwargs  server_first  server_compute  model_prefill  model_denoise  server_total
       61       0.005        0.000       0.001          0.000         0.083           0.118          0.013          0.074         0.119
       62       0.005        0.000       0.001          0.000         0.082           0.133          0.013          0.088         0.134
       63       0.005        0.000       0.001          0.000         0.073           0.124          0.013          0.084         0.126
       64       0.005        0.000       0.001          0.000         0.072           0.124          0.013          0.083         0.125
       65       0.006        0.000       0.001          0.000         0.073           0.124          0.013          0.083         0.125
       66       0.005        0.000       0.001          0.000         0.073           0.124          0.013          0.084         0.126
       67       0.006        0.000       0.001          0.000         0.073           0.124          0.013          0.083         0.125
       68       0.005        0.000       0.001          0.000         0.072           0.124          0.013          0.084         0.125
       69       0.006        0.000       0.001          0.000         0.072           0.124          0.013          0.084         0.125
       70       0.005        0.000       0.001          0.000         0.073           0.125          0.013          0.084         0.126
       71       0.006        0.000       0.001          0.000         0.075           0.126          0.013          0.086         0.128
       72       0.005        0.000       0.001          0.000         0.076           0.127          0.013          0.086         0.129
       73       0.006        0.000       0.001          0.000         0.073           0.125          0.013          0.084         0.126
       74       0.005        0.000       0.001          0.000         0.074           0.125          0.013          0.084         0.126
       75       0.006        0.000       0.001          0.000         0.073           0.125          0.013          0.084         0.126
       76       0.007        0.000       0.001          0.000         0.073           0.125          0.013          0.084         0.126
       77       0.006        0.000       0.001          0.000         0.073           0.125          0.013          0.084         0.126
       78       0.007        0.000       0.001          0.000         0.073           0.124          0.013          0.084         0.126
       79       0.005        0.000       0.001          0.000         0.073           0.125          0.013          0.084         0.126
       80       0.006        0.000       0.001          0.000         0.073           0.124          0.013          0.084         0.126
       81       0.006        0.000       0.001          0.000         0.073           0.125          0.013          0.084         0.126
       82       0.005        0.000       0.001          0.000         0.073           0.124          0.013          0.084         0.126
       83       0.005        0.000       0.001          0.000         0.073           0.125          0.013          0.084         0.126
       84       0.005        0.000       0.001          0.000         0.076           0.128          0.013          0.086         0.129
       85       0.005        0.000       0.001          0.000         0.073           0.125          0.013          0.084         0.126
       86       0.005        0.000       0.002          0.000         0.073           0.125          0.013          0.084         0.126
       87       0.005        0.000       0.001          0.000         0.073           0.124          0.013          0.084         0.126
       88       0.005        0.000       0.001          0.000         0.073           0.125          0.013          0.084         0.126
       89       0.005        0.000       0.002          0.000         0.074           0.125          0.013          0.084         0.126
       90       0.005        0.000       0.001          0.000         0.073           0.125          0.013          0.084         0.126
       91       0.005        0.000         n/a            n/a           n/a             n/a            n/a            n/a           n/a

=== Pi0.5 inference episode: 2026-07-25 19:57:46 ===
task: put cylinder in moving cup
config: transport=streaming_zmq, schedule=HAS, prefix_mode=official_rtc, u0=0.900, alpha=0.600, delay=4, early_stop_actions=5, execution_horizon=5, fps=20
summary: total_time=7.764s, inference_calls=32, completed_chunks=32, prefix_chunks=31, actions_applied=153, empty_action_steps=3
latency: avg_first_action=0.096s, p95_first_action=0.095s, recommended_delay=2, avg_final=0.145s, avg_chunk_duration=0.192s
profile: client_obs=0.005s, client_send=0.000s, server_preprocess=0.001s, server_kwargs=0.000s, server_first_delta=0.074s, server_compute=0.123s, server_postprocess=0.001s, server_send=0.000s, server_total=0.125s
high_level_profile: non_policy_overhead=0.008s, model_prefill=0.036s, model_denoise=0.082s, model_total=0.121s, robot_chunk_execution=0.192s
chunks:
  request  schedule  prefix  early_stop  emitted  executed  updates  first_action_s  final_s  duration_s
       92       HAS       0           5        5         5        4           0.145    0.145       0.195
       93       HAS       4           5        5         5        5           0.095    0.145       0.194
       94       HAS       4           5        5         5        5           0.094    0.144       0.195
       95       HAS       4           5        5         5        5           0.095    0.145       0.194
       96       HAS       4           5        5         5        5           0.094    0.144       0.195
       97       HAS       4           5        5         5        5           0.095    0.145       0.196
       98       HAS       4           5        5         5        5           0.095    0.146       0.195
       99       HAS       4           5        5         5        5           0.095    0.145       0.195
      100       HAS       4           5        5         5        5           0.095    0.145       0.195
      101       HAS       4           5        5         5        5           0.095    0.145       0.195
      102       HAS       4           5        5         5        5           0.095    0.145       0.195
      103       HAS       4           5        5         5        5           0.095    0.145       0.195
      104       HAS       4           5        5         5        5           0.095    0.145       0.195
      105       HAS       4           5        5         5        5           0.095    0.145       0.195
      106       HAS       4           5        5         5        5           0.095    0.145       0.195
      107       HAS       4           5        5         5        5           0.095    0.145       0.195
      108       HAS       4           5        5         5        5           0.095    0.145       0.195
      109       HAS       4           5        5         5        5           0.095    0.145       0.195
      110       HAS       4           5        5         5        5           0.095    0.145       0.195
      111       HAS       4           5        5         5        5           0.095    0.145       0.195
      112       HAS       4           5        5         5        5           0.095    0.145       0.195
      113       HAS       4           5        5         5        5           0.095    0.145       0.195
      114       HAS       4           5        5         5        5           0.095    0.145       0.195
      115       HAS       4           5        5         5        5           0.095    0.145       0.193
      116       HAS       4           5        5         5        5           0.093    0.143       0.194
      117       HAS       4           5        5         5        5           0.094    0.144       0.195
      118       HAS       4           5        5         5        5           0.095    0.145       0.195
      119       HAS       4           5        5         5        5           0.095    0.145       0.194
      120       HAS       4           5        5         5        5           0.094    0.144       0.194
      121       HAS       4           5        5         5        5           0.094    0.144       0.194
      122       HAS       4           5        5         3        5           0.094    0.144       0.095
      123       HAS       4           5        1         0        1           0.095      n/a         n/a
profile by request:
  request  client_obs  client_send  server_pre  server_kwargs  server_first  server_compute  model_prefill  model_denoise  server_total
       92       0.006        0.001       0.002          0.000         0.084           0.118          0.013          0.074         0.120
       93       0.005        0.000       0.001          0.000         0.084           0.135          0.013          0.091         0.137
       94       0.006        0.000       0.001          0.000         0.073           0.124          0.013          0.084         0.125
       95       0.005        0.000       0.001          0.000         0.072           0.124          0.013          0.083         0.125
       96       0.006        0.000       0.001          0.000         0.072           0.124          0.013          0.084         0.125
       97       0.005        0.000       0.001          0.000         0.072           0.124          0.013          0.084         0.125
       98       0.005        0.000       0.001          0.000         0.073           0.124          0.013          0.084         0.125
       99       0.005        0.000       0.001          0.000         0.072           0.124          0.013          0.084         0.125
      100       0.005        0.000       0.001          0.000         0.072           0.124          0.013          0.084         0.125
      101       0.005        0.000       0.001          0.000         0.076           0.127          0.013          0.086         0.129
      102       0.005        0.000       0.001          0.000         0.073           0.125          0.013          0.084         0.126
      103       0.005        0.000       0.001          0.000         0.074           0.125          0.013          0.084         0.126
      104       0.005        0.000       0.002          0.000         0.074           0.125          0.013          0.084         0.126
      105       0.005        0.000       0.002          0.000         0.074           0.125          0.013          0.084         0.127
      106       0.005        0.000       0.001          0.000         0.073           0.125          0.013          0.084         0.126
      107       0.005        0.000       0.001          0.000         0.073           0.125          0.013          0.084         0.126
      108       0.005        0.000       0.001          0.000         0.073           0.125          0.013          0.084         0.126
      109       0.005        0.000       0.001          0.000         0.073           0.125          0.013          0.084         0.126
      110       0.005        0.000       0.001          0.000         0.073           0.125          0.013          0.084         0.126
      111       0.005        0.000       0.001          0.000         0.073           0.125          0.013          0.084         0.126
      112       0.005        0.000       0.001          0.000         0.073           0.124          0.013          0.084         0.126
      113       0.005        0.000       0.002          0.000         0.077           0.128          0.013          0.086         0.129
      114       0.006        0.000       0.001          0.000         0.073           0.125          0.013          0.084         0.126
      115       0.005        0.000       0.001          0.000         0.073           0.125          0.013          0.084         0.126
      116       0.007        0.000       0.001          0.000         0.074           0.125          0.013          0.085         0.127
      117       0.006        0.000       0.001          0.000         0.073           0.125          0.013          0.084         0.126
      118       0.006        0.000       0.002          0.000         0.074           0.125          0.013          0.084         0.127
      119       0.005        0.000       0.001          0.000         0.073           0.125          0.013          0.084         0.126
      120       0.006        0.000       0.002          0.000         0.073           0.125          0.013          0.084         0.126
      121       0.006        0.000       0.001          0.000         0.073           0.124          0.013          0.084         0.126
      122       0.006        0.000       0.001          0.000         0.073           0.124          0.013          0.084         0.125
      123       0.005        0.000       0.001          0.000         0.073           0.072          0.013          0.033         0.073

=== Pi0.5 inference episode: 2026-07-25 19:58:08 ===
task: put cylinder in moving cup
config: transport=streaming_zmq, schedule=HAS, prefix_mode=official_rtc, u0=0.900, alpha=0.600, delay=4, early_stop_actions=5, execution_horizon=5, fps=20
summary: total_time=7.564s, inference_calls=31, completed_chunks=31, prefix_chunks=30, actions_applied=149, empty_action_steps=3
latency: avg_first_action=0.095s, p95_first_action=0.095s, recommended_delay=2, avg_final=0.145s, avg_chunk_duration=0.193s
profile: client_obs=0.005s, client_send=0.000s, server_preprocess=0.001s, server_kwargs=0.000s, server_first_delta=0.074s, server_compute=0.125s, server_postprocess=0.001s, server_send=0.000s, server_total=0.126s
high_level_profile: non_policy_overhead=0.008s, model_prefill=0.036s, model_denoise=0.084s, model_total=0.123s, robot_chunk_execution=0.193s
chunks:
  request  schedule  prefix  early_stop  emitted  executed  updates  first_action_s  final_s  duration_s
      124       HAS       0           5        5         5        4           0.095    0.145       0.194
      125       HAS       4           5        5         5        5           0.094    0.144       0.195
      126       HAS       4           5        5         5        5           0.095    0.145       0.194
      127       HAS       4           5        5         5        5           0.094    0.145       0.195
      128       HAS       4           5        5         5        5           0.095    0.145       0.195
      129       HAS       4           5        5         5        5           0.095    0.145       0.195
      130       HAS       4           5        5         5        5           0.095    0.145       0.195
      131       HAS       4           5        5         5        5           0.095    0.145       0.194
      132       HAS       4           5        5         5        5           0.094    0.145       0.195
      133       HAS       4           5        5         5        5           0.095    0.145       0.194
      134       HAS       4           5        5         5        5           0.094    0.145       0.195
      135       HAS       4           5        5         5        5           0.095    0.145       0.194
      136       HAS       4           5        5         5        5           0.094    0.145       0.195
      137       HAS       4           5        5         5        5           0.095    0.146       0.195
      138       HAS       4           5        5         5        5           0.094    0.145       0.195
      139       HAS       4           5        5         5        5           0.095    0.145       0.195
      140       HAS       4           5        5         5        5           0.095    0.145       0.196
      141       HAS       4           5        5         5        5           0.095    0.146       0.195
      142       HAS       4           5        5         5        5           0.095    0.145       0.195
      143       HAS       4           5        5         5        5           0.095    0.145       0.195
      144       HAS       4           5        5         5        5           0.095    0.145       0.195
      145       HAS       4           5        5         5        5           0.095    0.145       0.195
      146       HAS       4           5        5         5        5           0.095    0.146       0.195
      147       HAS       4           5        5         5        5           0.095    0.145       0.195
      148       HAS       4           5        5         5        5           0.095    0.145       0.195
      149       HAS       4           5        5         5        5           0.095    0.145       0.195
      150       HAS       4           5        5         5        5           0.095    0.145       0.195
      151       HAS       4           5        5         5        5           0.095    0.145       0.195
      152       HAS       4           5        5         5        5           0.095    0.145       0.195
      153       HAS       4           5        5         4        5           0.095    0.145       0.145
      154       HAS       4           5        5         0        5           0.095    0.145         n/a
profile by request:
  request  client_obs  client_send  server_pre  server_kwargs  server_first  server_compute  model_prefill  model_denoise  server_total
      124       0.005        0.000       0.001          0.000         0.084           0.118          0.013          0.074         0.120
      125       0.006        0.000       0.002          0.000         0.082           0.133          0.013          0.089         0.135
      126       0.005        0.000       0.001          0.000         0.072           0.124          0.013          0.084         0.126
      127       0.006        0.000       0.001          0.000         0.073           0.124          0.013          0.084         0.126
      128       0.005        0.000       0.001          0.000         0.073           0.124          0.013          0.084         0.126
      129       0.006        0.000       0.001          0.000         0.072           0.124          0.013          0.084         0.125
      130       0.005        0.000       0.002          0.000         0.073           0.124          0.013          0.084         0.126
      131       0.005        0.000       0.002          0.000         0.073           0.124          0.013          0.084         0.126
      132       0.006        0.000       0.001          0.000         0.072           0.124          0.013          0.084         0.125
      133       0.005        0.000       0.001          0.000         0.076           0.128          0.013          0.087         0.129
      134       0.006        0.000       0.001          0.000         0.073           0.125          0.013          0.084         0.126
      135       0.005        0.000       0.001          0.000         0.073           0.125          0.013          0.084         0.126
      136       0.006        0.000       0.001          0.000         0.073           0.125          0.013          0.084         0.126
      137       0.005        0.000       0.001          0.000         0.074           0.125          0.013          0.084         0.127
      138       0.007        0.000       0.001          0.000         0.073           0.124          0.013          0.084         0.126
      139       0.005        0.000       0.001          0.000         0.073           0.124          0.013          0.084         0.126
      140       0.005        0.000       0.002          0.000         0.074           0.125          0.013          0.084         0.127
      141       0.005        0.000       0.001          0.000         0.073           0.125          0.013          0.084         0.126
      142       0.005        0.000       0.001          0.000         0.073           0.124          0.013          0.084         0.126
      143       0.005        0.000       0.001          0.000         0.073           0.124          0.013          0.084         0.126
      144       0.005        0.000       0.001          0.000         0.073           0.124          0.013          0.084         0.126
      145       0.005        0.000       0.001          0.000         0.076           0.128          0.013          0.086         0.129
      146       0.005        0.000       0.001          0.000         0.073           0.125          0.013          0.084         0.126
      147       0.005        0.000       0.001          0.000         0.073           0.124          0.013          0.084         0.126
      148       0.005        0.000       0.001          0.000         0.073           0.125          0.013          0.084         0.126
      149       0.005        0.000       0.001          0.000         0.073           0.124          0.013          0.084         0.126
      150       0.005        0.000       0.002          0.000         0.073           0.125          0.013          0.084         0.126
      151       0.005        0.000       0.001          0.000         0.073           0.125          0.013          0.084         0.126
      152       0.005        0.000       0.001          0.000         0.073           0.124          0.013          0.084         0.126
      153       0.005        0.000       0.001          0.000         0.073           0.124          0.013          0.084         0.126
      154       0.005        0.000       0.002          0.000         0.077           0.128          0.013          0.086         0.130

=== Pi0.5 inference episode: 2026-07-25 19:58:28 ===
task: put cylinder in moving cup
config: transport=streaming_zmq, schedule=HAS, prefix_mode=official_rtc, u0=0.900, alpha=0.600, delay=4, early_stop_actions=5, execution_horizon=5, fps=20
summary: total_time=6.964s, inference_calls=29, completed_chunks=29, prefix_chunks=28, actions_applied=136, empty_action_steps=3
latency: avg_first_action=0.095s, p95_first_action=0.095s, recommended_delay=2, avg_final=0.147s, avg_chunk_duration=0.188s
profile: client_obs=0.005s, client_send=0.000s, server_preprocess=0.001s, server_kwargs=0.000s, server_first_delta=0.074s, server_compute=0.125s, server_postprocess=0.001s, server_send=0.000s, server_total=0.126s
high_level_profile: non_policy_overhead=0.008s, model_prefill=0.036s, model_denoise=0.084s, model_total=0.123s, robot_chunk_execution=0.188s
chunks:
  request  schedule  prefix  early_stop  emitted  executed  updates  first_action_s  final_s  duration_s
      155       HAS       0           5        5         5        4           0.095    0.145       0.195
      156       HAS       4           5        5         5        5           0.095    0.145       0.195
      157       HAS       4           5        5         5        5           0.095    0.145       0.195
      158       HAS       4           5        5         5        5           0.095    0.145       0.195
      159       HAS       4           5        5         5        5           0.095    0.145       0.195
      160       HAS       4           5        5         5        5           0.095    0.145       0.195
      161       HAS       4           5        5         5        5           0.095    0.145       0.195
      162       HAS       4           5        5         5        5           0.095    0.195       0.194
      163       HAS       4           5        5         5        5           0.094    0.144       0.195
      164       HAS       4           5        5         5        5           0.095    0.146       0.194
      165       HAS       4           5        5         5        5           0.094    0.144       0.195
      166       HAS       4           5        5         5        5           0.095    0.145       0.195
      167       HAS       4           5        5         5        5           0.095    0.145       0.194
      168       HAS       4           5        5         5        5           0.094    0.145       0.195
      169       HAS       4           5        5         5        5           0.095    0.145       0.194
      170       HAS       4           5        5         5        5           0.094    0.144       0.194
      171       HAS       4           5        5         5        5           0.094    0.145       0.195
      172       HAS       4           5        5         5        5           0.095    0.145       0.195
      173       HAS       4           5        5         5        5           0.095    0.145       0.195
      174       HAS       4           5        5         5        5           0.094    0.145       0.196
      175       HAS       4           5        5         5        5           0.095    0.145       0.195
      176       HAS       4           5        5         5        5           0.095    0.146       0.195
      177       HAS       4           5        5         5        5           0.095    0.145       0.196
      178       HAS       4           5        5         5        5           0.095    0.146       0.195
      179       HAS       4           5        5         5        5           0.095    0.145       0.196
      180       HAS       4           5        5         5        5           0.096    0.146       0.195
      181       HAS       4           5        5         5        5           0.095    0.145       0.195
      182       HAS       4           5        5         1        5           0.095    0.145       0.000
      183       HAS       4           5        0         0        0             n/a      n/a         n/a
profile by request:
  request  client_obs  client_send  server_pre  server_kwargs  server_first  server_compute  model_prefill  model_denoise  server_total
      155       0.005        0.000       0.001          0.000         0.083           0.118          0.013          0.074         0.119
      156       0.005        0.000       0.001          0.000         0.084           0.135          0.013          0.091         0.136
      157       0.005        0.000       0.001          0.000         0.072           0.124          0.013          0.083         0.125
      158       0.005        0.000       0.001          0.000         0.072           0.124          0.013          0.084         0.125
      159       0.005        0.000       0.001          0.000         0.073           0.124          0.013          0.083         0.125
      160       0.005        0.000       0.001          0.000         0.073           0.124          0.013          0.084         0.126
      161       0.005        0.000       0.001          0.000         0.073           0.124          0.013          0.084         0.125
      162       0.005        0.000       0.001          0.000         0.073           0.124          0.013          0.083         0.125
      163       0.006        0.000       0.002          0.000         0.073           0.124          0.013          0.084         0.126
      164       0.005        0.000       0.002          0.000         0.073           0.125          0.013          0.084         0.126
      165       0.006        0.000       0.002          0.000         0.073           0.124          0.013          0.084         0.126
      166       0.005        0.000       0.001          0.000         0.073           0.125          0.013          0.084         0.126
      167       0.005        0.000       0.001          0.000         0.076           0.127          0.013          0.086         0.129
      168       0.006        0.000       0.001          0.000         0.074           0.126          0.013          0.085         0.127
      169       0.005        0.000       0.001          0.000         0.073           0.125          0.013          0.084         0.126
      170       0.006        0.000       0.001          0.000         0.073           0.125          0.013          0.084         0.126
      171       0.006        0.000       0.001          0.000         0.073           0.125          0.013          0.084         0.126
      172       0.006        0.000       0.001          0.000         0.073           0.125          0.013          0.084         0.126
      173       0.005        0.000       0.001          0.000         0.073           0.124          0.013          0.084         0.126
      174       0.006        0.000       0.001          0.000         0.073           0.125          0.013          0.084         0.126
      175       0.006        0.000       0.001          0.000         0.073           0.125          0.013          0.084         0.126
      176       0.005        0.000       0.001          0.000         0.073           0.124          0.013          0.084         0.126
      177       0.005        0.000       0.001          0.000         0.073           0.124          0.013          0.084         0.126
      178       0.006        0.000       0.001          0.000         0.073           0.125          0.013          0.084         0.126
      179       0.005        0.000       0.001          0.000         0.073           0.125          0.013          0.084         0.126
      180       0.005        0.000       0.001          0.000         0.076           0.128          0.013          0.086         0.129
      181       0.005        0.000       0.001          0.000         0.073           0.125          0.013          0.084         0.126
      182       0.005        0.000       0.001          0.000         0.073           0.124          0.013          0.084         0.126
      183       0.005        0.000         n/a            n/a           n/a             n/a            n/a            n/a           n/a

=== Pi0.5 inference episode: 2026-07-25 19:58:50 ===
task: put cylinder in moving cup
config: transport=streaming_zmq, schedule=HAS, prefix_mode=official_rtc, u0=0.900, alpha=0.600, delay=4, early_stop_actions=5, execution_horizon=5, fps=20
summary: total_time=7.315s, inference_calls=30, completed_chunks=30, prefix_chunks=29, actions_applied=144, empty_action_steps=3
latency: avg_first_action=0.096s, p95_first_action=0.096s, recommended_delay=2, avg_final=0.145s, avg_chunk_duration=0.193s
profile: client_obs=0.005s, client_send=0.000s, server_preprocess=0.001s, server_kwargs=0.000s, server_first_delta=0.074s, server_compute=0.125s, server_postprocess=0.001s, server_send=0.000s, server_total=0.127s
high_level_profile: non_policy_overhead=0.008s, model_prefill=0.036s, model_denoise=0.084s, model_total=0.123s, robot_chunk_execution=0.193s
chunks:
  request  schedule  prefix  early_stop  emitted  executed  updates  first_action_s  final_s  duration_s
      184       HAS       0           5        5         5        4           0.145    0.145       0.195
      185       HAS       4           5        5         5        5           0.095    0.145       0.194
      186       HAS       4           5        5         5        5           0.094    0.144       0.195
      187       HAS       4           5        5         5        5           0.095    0.145       0.194
      188       HAS       4           5        5         5        5           0.094    0.144       0.195
      189       HAS       4           5        5         5        5           0.095    0.145       0.194
      190       HAS       4           5        5         5        5           0.094    0.145       0.195
      191       HAS       4           5        5         5        5           0.095    0.145       0.195
      192       HAS       4           5        5         5        5           0.095    0.145       0.197
      193       HAS       4           5        5         5        5           0.097    0.147       0.195
      194       HAS       4           5        5         5        5           0.095    0.145       0.195
      195       HAS       4           5        5         5        5           0.095    0.146       0.195
      196       HAS       4           5        5         5        5           0.095    0.145       0.195
      197       HAS       4           5        5         5        5           0.095    0.146       0.195
      198       HAS       4           5        5         5        5           0.095    0.145       0.195
      199       HAS       4           5        5         5        5           0.095    0.145       0.195
      200       HAS       4           5        5         5        5           0.095    0.145       0.195
      201       HAS       4           5        5         5        5           0.095    0.145       0.195
      202       HAS       4           5        5         5        5           0.094    0.145       0.195
      203       HAS       4           5        5         5        5           0.095    0.145       0.194
      204       HAS       4           5        5         5        5           0.094    0.144       0.195
      205       HAS       4           5        5         5        5           0.095    0.145       0.194
      206       HAS       4           5        5         5        5           0.094    0.144       0.195
      207       HAS       4           5        5         5        5           0.095    0.145       0.195
      208       HAS       4           5        5         5        5           0.095    0.145       0.195
      209       HAS       4           5        5         5        5           0.095    0.145       0.194
      210       HAS       4           5        5         5        5           0.094    0.144       0.194
      211       HAS       4           5        5         5        5           0.094    0.144       0.195
      212       HAS       4           5        5         4        5           0.095    0.145       0.145
      213       HAS       4           5        5         0        5           0.095    0.145         n/a
profile by request:
  request  client_obs  client_send  server_pre  server_kwargs  server_first  server_compute  model_prefill  model_denoise  server_total
      184       0.005        0.000       0.002          0.000         0.085           0.119          0.013          0.074         0.121
      185       0.005        0.000       0.001          0.000         0.083           0.134          0.013          0.089         0.136
      186       0.006        0.000       0.001          0.000         0.073           0.124          0.013          0.083         0.125
      187       0.005        0.000       0.001          0.000         0.072           0.124          0.013          0.083         0.125
      188       0.007        0.000       0.002          0.000         0.073           0.124          0.013          0.084         0.126
      189       0.005        0.000       0.001          0.000         0.073           0.124          0.013          0.084         0.125
      190       0.006        0.000       0.001          0.000         0.072           0.124          0.013          0.084         0.125
      191       0.005        0.000       0.001          0.000         0.073           0.124          0.013          0.084         0.126
      192       0.005        0.000       0.001          0.000         0.073           0.124          0.013          0.083         0.125
      193       0.005        0.000       0.002          0.000         0.074           0.125          0.013          0.084         0.126
      194       0.005        0.000       0.002          0.000         0.076           0.127          0.013          0.086         0.129
      195       0.005        0.000       0.001          0.000         0.076           0.127          0.013          0.086         0.129
      196       0.005        0.000       0.002          0.000         0.074           0.125          0.013          0.084         0.127
      197       0.005        0.000       0.001          0.000         0.073           0.127          0.013          0.086         0.128
      198       0.005        0.000       0.001          0.000         0.074           0.126          0.013          0.084         0.127
      199       0.005        0.000       0.001          0.000         0.074           0.125          0.013          0.084         0.126
      200       0.005        0.000       0.001          0.000         0.073           0.125          0.013          0.084         0.126
      201       0.005        0.000       0.001          0.000         0.073           0.124          0.013          0.084         0.126
      202       0.006        0.000       0.001          0.000         0.073           0.124          0.013          0.084         0.126
      203       0.005        0.000       0.001          0.000         0.073           0.125          0.013          0.084         0.126
      204       0.006        0.000       0.002          0.000         0.073           0.124          0.013          0.084         0.126
      205       0.005        0.000       0.001          0.000         0.073           0.124          0.013          0.084         0.125
      206       0.006        0.000       0.001          0.000         0.073           0.124          0.013          0.084         0.126
      207       0.005        0.000       0.001          0.000         0.076           0.128          0.013          0.086         0.129
      208       0.005        0.000       0.001          0.000         0.073           0.125          0.013          0.084         0.126
      209       0.005        0.000       0.001          0.000         0.073           0.124          0.013          0.084         0.126
      210       0.006        0.000       0.001          0.000         0.073           0.127          0.013          0.086         0.128
      211       0.007        0.000       0.001          0.000         0.073           0.125          0.013          0.084         0.126
      212       0.006        0.000       0.001          0.000         0.073           0.125          0.013          0.084         0.126
      213       0.005        0.000       0.001          0.000         0.073           0.125          0.013          0.084         0.126

=== Pi0.5 inference episode: 2026-07-25 19:59:10 ===
task: put cylinder in moving cup
config: transport=streaming_zmq, schedule=HAS, prefix_mode=official_rtc, u0=0.900, alpha=0.600, delay=4, early_stop_actions=5, execution_horizon=5, fps=20
summary: total_time=7.561s, inference_calls=31, completed_chunks=31, prefix_chunks=30, actions_applied=148, empty_action_steps=3
latency: avg_first_action=0.096s, p95_first_action=0.095s, recommended_delay=2, avg_final=0.145s, avg_chunk_duration=0.191s
profile: client_obs=0.005s, client_send=0.000s, server_preprocess=0.001s, server_kwargs=0.000s, server_first_delta=0.074s, server_compute=0.123s, server_postprocess=0.001s, server_send=0.000s, server_total=0.125s
high_level_profile: non_policy_overhead=0.008s, model_prefill=0.036s, model_denoise=0.082s, model_total=0.121s, robot_chunk_execution=0.191s
chunks:
  request  schedule  prefix  early_stop  emitted  executed  updates  first_action_s  final_s  duration_s
      214       HAS       0           5        5         5        4           0.145    0.145       0.195
      215       HAS       4           5        5         5        5           0.095    0.145       0.195
      216       HAS       4           5        5         5        5           0.095    0.145       0.195
      217       HAS       4           5        5         5        5           0.095    0.145       0.195
      218       HAS       4           5        5         5        5           0.095    0.145       0.195
      219       HAS       4           5        5         5        5           0.095    0.145       0.195
      220       HAS       4           5        5         5        5           0.095    0.145       0.193
      221       HAS       4           5        5         5        5           0.093    0.144       0.195
      222       HAS       4           5        5         5        5           0.095    0.145       0.195
      223       HAS       4           5        5         5        5           0.095    0.145       0.195
      224       HAS       4           5        5         5        5           0.095    0.146       0.195
      225       HAS       4           5        5         5        5           0.095    0.145       0.195
      226       HAS       4           5        5         5        5           0.095    0.145       0.195
      227       HAS       4           5        5         5        5           0.095    0.145       0.195
      228       HAS       4           5        5         5        5           0.095    0.145       0.195
      229       HAS       4           5        5         5        5           0.095    0.145       0.193
      230       HAS       4           5        5         5        5           0.094    0.144       0.195
      231       HAS       4           5        5         5        5           0.095    0.145       0.194
      232       HAS       4           5        5         5        5           0.095    0.145       0.195
      233       HAS       4           5        5         5        5           0.095    0.145       0.194
      234       HAS       4           5        5         5        5           0.094    0.145       0.195
      235       HAS       4           5        5         5        5           0.095    0.145       0.194
      236       HAS       4           5        5         5        5           0.094    0.145       0.195
      237       HAS       4           5        5         5        5           0.095    0.145       0.195
      238       HAS       4           5        5         5        5           0.095    0.145       0.195
      239       HAS       4           5        5         5        5           0.095    0.145       0.194
      240       HAS       4           5        5         5        5           0.094    0.144       0.194
      241       HAS       4           5        5         5        5           0.094    0.144       0.195
      242       HAS       4           5        5         5        5           0.095    0.145       0.195
      243       HAS       4           5        5         3        5           0.095    0.145       0.095
      244       HAS       4           5        1         0        1           0.095      n/a         n/a
profile by request:
  request  client_obs  client_send  server_pre  server_kwargs  server_first  server_compute  model_prefill  model_denoise  server_total
      214       0.005        0.000       0.002          0.000         0.084           0.118          0.013          0.074         0.120
      215       0.005        0.000       0.001          0.000         0.084           0.135          0.013          0.091         0.137
      216       0.005        0.000       0.001          0.000         0.073           0.124          0.013          0.084         0.126
      217       0.005        0.000       0.002          0.000         0.074           0.125          0.013          0.084         0.127
      218       0.005        0.000       0.001          0.000         0.073           0.124          0.013          0.084         0.126
      219       0.005        0.000       0.001          0.000         0.073           0.124          0.013          0.084         0.125
      220       0.005        0.000       0.001          0.000         0.072           0.124          0.013          0.083         0.125
      221       0.007        0.000       0.001          0.000         0.073           0.124          0.013          0.083         0.125
      222       0.005        0.000       0.001          0.000         0.073           0.124          0.013          0.083         0.125
      223       0.005        0.000       0.001          0.000         0.073           0.124          0.013          0.084         0.126
      224       0.005        0.000       0.001          0.000         0.074           0.125          0.013          0.085         0.127
      225       0.005        0.000       0.001          0.000         0.076           0.127          0.013          0.086         0.128
      226       0.005        0.000       0.001          0.000         0.073           0.125          0.013          0.084         0.126
      227       0.005        0.000       0.001          0.000         0.073           0.124          0.013          0.084         0.126
      228       0.005        0.000       0.001          0.000         0.073           0.125          0.013          0.084         0.126
      229       0.005        0.000       0.001          0.000         0.073           0.124          0.013          0.084         0.126
      230       0.006        0.001       0.001          0.000         0.073           0.125          0.013          0.084         0.126
      231       0.006        0.000       0.002          0.000         0.073           0.124          0.013          0.084         0.126
      232       0.006        0.001       0.001          0.000         0.073           0.124          0.013          0.084         0.126
      233       0.005        0.000       0.001          0.000         0.073           0.124          0.013          0.084         0.126
      234       0.006        0.000       0.001          0.000         0.073           0.125          0.013          0.084         0.126
      235       0.005        0.000       0.002          0.000         0.073           0.124          0.013          0.084         0.126
      236       0.006        0.000       0.001          0.000         0.073           0.125          0.013          0.084         0.126
      237       0.005        0.000       0.001          0.000         0.076           0.127          0.013          0.086         0.128
      238       0.006        0.000       0.001          0.000         0.076           0.127          0.013          0.086         0.129
      239       0.006        0.000       0.001          0.000         0.073           0.125          0.013          0.084         0.126
      240       0.006        0.000       0.001          0.000         0.073           0.125          0.013          0.085         0.126
      241       0.006        0.000       0.001          0.000         0.073           0.125          0.013          0.084         0.126
      242       0.005        0.000       0.001          0.000         0.073           0.125          0.013          0.084         0.126
      243       0.006        0.000       0.001          0.000         0.073           0.124          0.013          0.084         0.126
      244       0.005        0.000       0.001          0.000         0.073           0.072          0.013          0.033         0.073

=== Pi0.5 inference episode: 2026-07-25 19:59:34 ===
task: put cylinder in moving cup
config: transport=streaming_zmq, schedule=HAS, prefix_mode=official_rtc, u0=0.900, alpha=0.600, delay=4, early_stop_actions=5, execution_horizon=5, fps=20
summary: total_time=7.362s, inference_calls=30, completed_chunks=30, prefix_chunks=29, actions_applied=145, empty_action_steps=3
latency: avg_first_action=0.095s, p95_first_action=0.095s, recommended_delay=2, avg_final=0.145s, avg_chunk_duration=0.195s
profile: client_obs=0.005s, client_send=0.000s, server_preprocess=0.001s, server_kwargs=0.000s, server_first_delta=0.074s, server_compute=0.125s, server_postprocess=0.001s, server_send=0.000s, server_total=0.126s
high_level_profile: non_policy_overhead=0.008s, model_prefill=0.036s, model_denoise=0.084s, model_total=0.122s, robot_chunk_execution=0.195s
chunks:
  request  schedule  prefix  early_stop  emitted  executed  updates  first_action_s  final_s  duration_s
      245       HAS       0           5        5         5        4           0.095    0.145       0.195
      246       HAS       4           5        5         5        5           0.095    0.145       0.195
      247       HAS       4           5        5         5        5           0.095    0.145       0.195
      248       HAS       4           5        5         5        5           0.095    0.145       0.194
      249       HAS       4           5        5         5        5           0.094    0.145       0.195
      250       HAS       4           5        5         5        5           0.095    0.145       0.195
      251       HAS       4           5        5         5        5           0.095    0.145       0.195
      252       HAS       4           5        5         5        5           0.095    0.145       0.195
      253       HAS       4           5        5         5        5           0.095    0.145       0.195
      254       HAS       4           5        5         5        5           0.095    0.145       0.195
      255       HAS       4           5        5         5        5           0.095    0.145       0.195
      256       HAS       4           5        5         5        5           0.095    0.145       0.195
      257       HAS       4           5        5         5        5           0.095    0.145       0.195
      258       HAS       4           5        5         5        5           0.095    0.146       0.195
      259       HAS       4           5        5         5        5           0.095    0.145       0.195
      260       HAS       4           5        5         5        5           0.095    0.145       0.194
      261       HAS       4           5        5         5        5           0.094    0.144       0.195
      262       HAS       4           5        5         5        5           0.095    0.145       0.194
      263       HAS       4           5        5         5        5           0.094    0.145       0.195
      264       HAS       4           5        5         5        5           0.095    0.145       0.194
      265       HAS       4           5        5         5        5           0.094    0.145       0.195
      266       HAS       4           5        5         5        5           0.095    0.145       0.195
      267       HAS       4           5        5         5        5           0.094    0.145       0.195
      268       HAS       4           5        5         5        5           0.095    0.145       0.195
      269       HAS       4           5        5         5        5           0.095    0.145       0.193
      270       HAS       4           5        5         5        5           0.094    0.144       0.195
      271       HAS       4           5        5         5        5           0.094    0.145       0.194
      272       HAS       4           5        5         5        5           0.094    0.144       0.195
      273       HAS       4           5        5         5        5           0.095    0.145       0.195
      274       HAS       4           5        5         0        5           0.095    0.146         n/a
profile by request:
  request  client_obs  client_send  server_pre  server_kwargs  server_first  server_compute  model_prefill  model_denoise  server_total
      245       0.006        0.000       0.001          0.000         0.084           0.118          0.013          0.074         0.119
      246       0.005        0.000       0.001          0.000         0.078           0.129          0.013          0.087         0.130
      247       0.005        0.000       0.002          0.000         0.074           0.125          0.013          0.084         0.127
      248       0.005        0.000       0.001          0.000         0.073           0.124          0.013          0.084         0.126
      249       0.006        0.000       0.001          0.000         0.073           0.125          0.013          0.084         0.126
      250       0.005        0.000       0.002          0.000         0.074           0.125          0.013          0.084         0.127
      251       0.005        0.000       0.001          0.000         0.073           0.125          0.013          0.084         0.126
      252       0.005        0.000       0.001          0.000         0.074           0.125          0.013          0.084         0.126
      253       0.005        0.000       0.001          0.000         0.073           0.125          0.013          0.084         0.126
      254       0.005        0.000       0.001          0.000         0.073           0.125          0.013          0.084         0.126
      255       0.005        0.000       0.001          0.000         0.073           0.125          0.013          0.084         0.126
      256       0.005        0.000       0.001          0.000         0.073           0.124          0.013          0.084         0.126
      257       0.005        0.000       0.001          0.000         0.073           0.124          0.013          0.084         0.126
      258       0.005        0.000       0.001          0.000         0.073           0.125          0.013          0.084         0.126
      259       0.005        0.000       0.001          0.000         0.073           0.125          0.013          0.084         0.126
      260       0.005        0.000       0.001          0.000         0.073           0.125          0.013          0.084         0.126
      261       0.006        0.000       0.002          0.000         0.073           0.125          0.013          0.084         0.126
      262       0.005        0.000       0.001          0.000         0.073           0.124          0.013          0.084         0.126
      263       0.006        0.000       0.001          0.000         0.076           0.128          0.013          0.087         0.129
      264       0.005        0.000       0.001          0.000         0.073           0.125          0.013          0.084         0.126
      265       0.006        0.000       0.001          0.000         0.073           0.125          0.013          0.084         0.126
      266       0.005        0.000       0.001          0.000         0.073           0.125          0.013          0.084         0.126
      267       0.006        0.000       0.001          0.000         0.073           0.125          0.013          0.084         0.126
      268       0.005        0.000       0.001          0.000         0.073           0.124          0.013          0.084         0.126
      269       0.005        0.000       0.001          0.000         0.073           0.125          0.013          0.084         0.126
      270       0.006        0.001       0.001          0.000         0.073           0.124          0.013          0.084         0.126
      271       0.006        0.000       0.001          0.000         0.073           0.124          0.013          0.084         0.126
      272       0.006        0.000       0.001          0.000         0.073           0.125          0.013          0.084         0.126
      273       0.006        0.000       0.001          0.000         0.073           0.124          0.013          0.084         0.126
      274       0.006        0.000       0.001          0.000         0.073           0.124          0.013          0.084         0.126

=== Pi0.5 inference episode: 2026-07-25 20:00:02 ===
task: put cylinder in moving cup
config: transport=streaming_zmq, schedule=HAS, prefix_mode=official_rtc, u0=0.900, alpha=0.600, delay=4, early_stop_actions=5, execution_horizon=5, fps=20
summary: total_time=7.614s, inference_calls=31, completed_chunks=31, prefix_chunks=30, actions_applied=150, empty_action_steps=3
latency: avg_first_action=0.095s, p95_first_action=0.095s, recommended_delay=2, avg_final=0.148s, avg_chunk_duration=0.195s
profile: client_obs=0.006s, client_send=0.000s, server_preprocess=0.001s, server_kwargs=0.000s, server_first_delta=0.074s, server_compute=0.125s, server_postprocess=0.001s, server_send=0.000s, server_total=0.126s
high_level_profile: non_policy_overhead=0.008s, model_prefill=0.036s, model_denoise=0.084s, model_total=0.123s, robot_chunk_execution=0.195s
chunks:
  request  schedule  prefix  early_stop  emitted  executed  updates  first_action_s  final_s  duration_s
      275       HAS       0           5        5         5        4           0.095    0.145       0.195
      276       HAS       4           5        5         5        5           0.095    0.195       0.195
      277       HAS       4           5        5         5        5           0.094    0.145       0.195
      278       HAS       4           5        5         5        5           0.095    0.145       0.195
      279       HAS       4           5        5         5        5           0.095    0.145       0.193
      280       HAS       4           5        5         5        5           0.093    0.144       0.195
      281       HAS       4           5        5         5        5           0.095    0.145       0.195
      282       HAS       4           5        5         5        5           0.095    0.145       0.195
      283       HAS       4           5        5         5        5           0.095    0.145       0.195
      284       HAS       4           5        5         5        5           0.095    0.145       0.195
      285       HAS       4           5        5         5        5           0.095    0.145       0.194
      286       HAS       4           5        5         5        5           0.094    0.144       0.195
      287       HAS       4           5        5         5        5           0.095    0.145       0.195
      288       HAS       4           5        5         5        5           0.095    0.146       0.195
      289       HAS       4           5        5         5        5           0.095    0.145       0.195
      290       HAS       4           5        5         5        5           0.095    0.145       0.194
      291       HAS       4           5        5         5        5           0.094    0.194       0.195
      292       HAS       4           5        5         5        5           0.095    0.145       0.193
      293       HAS       4           5        5         5        5           0.094    0.145       0.194
      294       HAS       4           5        5         5        5           0.094    0.145       0.194
      295       HAS       4           5        5         5        5           0.094    0.144       0.195
      296       HAS       4           5        5         5        5           0.095    0.145       0.194
      297       HAS       4           5        5         5        5           0.094    0.144       0.194
      298       HAS       4           5        5         5        5           0.094    0.145       0.194
      299       HAS       4           5        5         5        5           0.094    0.145       0.195
      300       HAS       4           5        5         5        5           0.095    0.145       0.194
      301       HAS       4           5        5         5        5           0.094    0.145       0.194
      302       HAS       4           5        5         5        5           0.094    0.145       0.195
      303       HAS       4           5        5         5        5           0.095    0.145       0.195
      304       HAS       4           5        5         5        5           0.094    0.146       0.195
      305       HAS       4           5        5         0        5           0.095    0.145         n/a
profile by request:
  request  client_obs  client_send  server_pre  server_kwargs  server_first  server_compute  model_prefill  model_denoise  server_total
      275       0.005        0.000       0.001          0.000         0.084           0.118          0.013          0.074         0.119
      276       0.005        0.000       0.001          0.000         0.083           0.135          0.013          0.091         0.136
      277       0.006        0.000       0.001          0.000         0.073           0.124          0.013          0.083         0.125
      278       0.005        0.000       0.001          0.000         0.073           0.124          0.013          0.084         0.126
      279       0.006        0.000       0.001          0.000         0.072           0.124          0.013          0.083         0.125
      280       0.007        0.000       0.001          0.000         0.073           0.124          0.013          0.084         0.126
      281       0.005        0.000       0.001          0.000         0.073           0.124          0.013          0.084         0.126
      282       0.005        0.000       0.001          0.000         0.073           0.124          0.013          0.083         0.125
      283       0.005        0.000       0.001          0.000         0.073           0.124          0.013          0.083         0.125
      284       0.005        0.000       0.002          0.000         0.073           0.124          0.013          0.084         0.126
      285       0.006        0.000       0.001          0.000         0.073           0.124          0.013          0.084         0.126
      286       0.006        0.000       0.001          0.000         0.074           0.126          0.013          0.085         0.127
      287       0.005        0.000       0.001          0.000         0.076           0.127          0.013          0.086         0.129
      288       0.005        0.000       0.001          0.000         0.073           0.125          0.013          0.084         0.126
      289       0.005        0.000       0.001          0.000         0.073           0.124          0.013          0.084         0.126
      290       0.005        0.000       0.001          0.000         0.073           0.124          0.013          0.084         0.126
      291       0.006        0.000       0.001          0.000         0.073           0.124          0.013          0.084         0.126
      292       0.005        0.000       0.002          0.000         0.074           0.125          0.013          0.084         0.127
      293       0.006        0.001       0.002          0.000         0.073           0.124          0.013          0.084         0.126
      294       0.006        0.000       0.001          0.000         0.073           0.124          0.013          0.084         0.125
      295       0.006        0.000       0.002          0.000         0.073           0.124          0.013          0.084         0.126
      296       0.005        0.000       0.001          0.000         0.073           0.125          0.013          0.084         0.126
      297       0.006        0.000       0.001          0.000         0.073           0.124          0.013          0.084         0.126
      298       0.006        0.000       0.002          0.000         0.074           0.125          0.013          0.084         0.126
      299       0.006        0.000       0.001          0.000         0.076           0.127          0.013          0.086         0.128
      300       0.005        0.000       0.001          0.000         0.075           0.127          0.013          0.086         0.128
      301       0.006        0.000       0.001          0.000         0.074           0.125          0.013          0.084         0.126
      302       0.006        0.000       0.001          0.000         0.074           0.125          0.013          0.084         0.126
      303       0.006        0.000       0.001          0.000         0.073           0.125          0.013          0.084         0.126
      304       0.006        0.000       0.002          0.000         0.074           0.125          0.013          0.084         0.127
      305       0.005        0.000       0.001          0.000         0.073           0.124          0.013          0.084         0.126

=== Pi0.5 inference episode: 2026-07-25 20:00:22 ===
task: put cylinder in moving cup
config: transport=streaming_zmq, schedule=HAS, prefix_mode=official_rtc, u0=0.900, alpha=0.600, delay=4, early_stop_actions=5, execution_horizon=5, fps=20
summary: total_time=6.612s, inference_calls=27, completed_chunks=27, prefix_chunks=26, actions_applied=130, empty_action_steps=3
latency: avg_first_action=0.095s, p95_first_action=0.095s, recommended_delay=2, avg_final=0.145s, avg_chunk_duration=0.195s
profile: client_obs=0.005s, client_send=0.000s, server_preprocess=0.001s, server_kwargs=0.000s, server_first_delta=0.074s, server_compute=0.125s, server_postprocess=0.001s, server_send=0.000s, server_total=0.126s
high_level_profile: non_policy_overhead=0.008s, model_prefill=0.036s, model_denoise=0.084s, model_total=0.123s, robot_chunk_execution=0.195s
chunks:
  request  schedule  prefix  early_stop  emitted  executed  updates  first_action_s  final_s  duration_s
      306       HAS       0           5        5         5        4           0.095    0.145       0.196
      307       HAS       4           5        5         5        5           0.096    0.146       0.195
      308       HAS       4           5        5         5        5           0.095    0.145       0.195
      309       HAS       4           5        5         5        5           0.095    0.145       0.195
      310       HAS       4           5        5         5        5           0.095    0.146       0.195
      311       HAS       4           5        5         5        5           0.095    0.146       0.195
      312       HAS       4           5        5         5        5           0.095    0.145       0.195
      313       HAS       4           5        5         5        5           0.095    0.145       0.195
      314       HAS       4           5        5         5        5           0.095    0.145       0.195
      315       HAS       4           5        5         5        5           0.095    0.146       0.195
      316       HAS       4           5        5         5        5           0.095    0.145       0.195
      317       HAS       4           5        5         5        5           0.095    0.145       0.195
      318       HAS       4           5        5         5        5           0.095    0.145       0.195
      319       HAS       4           5        5         5        5           0.095    0.145       0.195
      320       HAS       4           5        5         5        5           0.095    0.145       0.195
      321       HAS       4           5        5         5        5           0.095    0.145       0.195
      322       HAS       4           5        5         5        5           0.095    0.145       0.195
      323       HAS       4           5        5         5        5           0.095    0.145       0.195
      324       HAS       4           5        5         5        5           0.095    0.145       0.195
      325       HAS       4           5        5         5        5           0.095    0.145       0.194
      326       HAS       4           5        5         5        5           0.094    0.144       0.195
      327       HAS       4           5        5         5        5           0.095    0.146       0.195
      328       HAS       4           5        5         5        5           0.095    0.145       0.195
      329       HAS       4           5        5         5        5           0.095    0.145       0.194
      330       HAS       4           5        5         5        5           0.094    0.144       0.193
      331       HAS       4           5        5         5        5           0.093    0.144       0.195
      332       HAS       4           5        5         0        5           0.095    0.145         n/a
profile by request:
  request  client_obs  client_send  server_pre  server_kwargs  server_first  server_compute  model_prefill  model_denoise  server_total
      306       0.005        0.000       0.001          0.000         0.083           0.118          0.013          0.074         0.119
      307       0.005        0.000       0.001          0.000         0.078           0.129          0.013          0.087         0.131
      308       0.006        0.000       0.001          0.000         0.074           0.125          0.013          0.085         0.127
      309       0.005        0.000       0.002          0.000         0.074           0.125          0.013          0.084         0.127
      310       0.005        0.000       0.001          0.000         0.073           0.125          0.013          0.084         0.126
      311       0.005        0.000       0.001          0.000         0.073           0.125          0.013          0.084         0.126
      312       0.005        0.000       0.001          0.000         0.073           0.125          0.013          0.084         0.126
      313       0.005        0.000       0.002          0.000         0.073           0.125          0.013          0.084         0.126
      314       0.005        0.000       0.001          0.000         0.073           0.124          0.013          0.083         0.126
      315       0.005        0.000       0.002          0.000         0.073           0.125          0.013          0.084         0.126
      316       0.005        0.000       0.001          0.000         0.073           0.124          0.013          0.084         0.125
      317       0.005        0.000       0.001          0.000         0.073           0.124          0.013          0.084         0.126
      318       0.005        0.000       0.001          0.000         0.073           0.124          0.013          0.084         0.126
      319       0.005        0.000       0.001          0.000         0.073           0.124          0.013          0.084         0.126
      320       0.005        0.000       0.001          0.000         0.076           0.128          0.013          0.087         0.129
      321       0.005        0.000       0.001          0.000         0.073           0.125          0.013          0.084         0.126
      322       0.005        0.000       0.001          0.000         0.073           0.124          0.013          0.084         0.126
      323       0.005        0.000       0.002          0.000         0.073           0.125          0.013          0.084         0.126
      324       0.006        0.000       0.002          0.000         0.073           0.124          0.013          0.084         0.126
      325       0.005        0.000       0.002          0.000         0.073           0.125          0.013          0.084         0.126
      326       0.006        0.000       0.002          0.000         0.073           0.124          0.013          0.084         0.126
      327       0.005        0.000       0.001          0.000         0.073           0.125          0.013          0.084         0.126
      328       0.005        0.000       0.001          0.000         0.073           0.125          0.013          0.084         0.126
      329       0.005        0.000       0.001          0.000         0.073           0.125          0.013          0.084         0.126
      330       0.007        0.000       0.001          0.000         0.073           0.125          0.013          0.084         0.126
      331       0.007        0.000       0.001          0.000         0.074           0.125          0.013          0.085         0.126
      332       0.005        0.000       0.001          0.000         0.076           0.128          0.013          0.086         0.129

=== Pi0.5 inference episode: 2026-07-25 20:00:45 ===
task: put cylinder in moving cup
config: transport=streaming_zmq, schedule=HAS, prefix_mode=official_rtc, u0=0.900, alpha=0.600, delay=4, early_stop_actions=5, execution_horizon=5, fps=20
summary: total_time=4.414s, inference_calls=19, completed_chunks=19, prefix_chunks=18, actions_applied=86, empty_action_steps=3
latency: avg_first_action=0.097s, p95_first_action=0.103s, recommended_delay=3, avg_final=0.145s, avg_chunk_duration=0.184s
profile: client_obs=0.006s, client_send=0.000s, server_preprocess=0.001s, server_kwargs=0.000s, server_first_delta=0.075s, server_compute=0.125s, server_postprocess=0.001s, server_send=0.000s, server_total=0.126s
high_level_profile: non_policy_overhead=0.008s, model_prefill=0.036s, model_denoise=0.084s, model_total=0.123s, robot_chunk_execution=0.184s
chunks:
  request  schedule  prefix  early_stop  emitted  executed  updates  first_action_s  final_s  duration_s
      333       HAS       0           5        5         5        4           0.144    0.144       0.195
      334       HAS       4           5        5         5        5           0.095    0.145       0.194
      335       HAS       4           5        5         5        5           0.094    0.144       0.195
      336       HAS       4           5        5         5        5           0.095    0.145       0.195
      337       HAS       4           5        5         5        5           0.095    0.145       0.195
      338       HAS       4           5        5         5        5           0.095    0.145       0.194
      339       HAS       4           5        5         5        5           0.094    0.144       0.195
      340       HAS       4           5        5         5        5           0.095    0.145       0.194
      341       HAS       4           5        5         5        5           0.094    0.144       0.195
      342       HAS       4           5        5         5        5           0.095    0.145       0.193
      343       HAS       4           5        5         5        5           0.093    0.144       0.193
      344       HAS       4           5        5         5        5           0.093    0.143       0.195
      345       HAS       4           5        5         5        5           0.095    0.145       0.195
      346       HAS       4           5        5         5        5           0.095    0.145       0.195
      347       HAS       4           5        5         5        5           0.095    0.145       0.194
      348       HAS       4           5        5         5        5           0.094    0.146       0.196
      349       HAS       4           5        5         5        5           0.096    0.146       0.194
      350       HAS       4           5        5         1        5           0.094    0.144       0.000
      351       HAS       4           5        0         0        0             n/a      n/a         n/a
profile by request:
  request  client_obs  client_send  server_pre  server_kwargs  server_first  server_compute  model_prefill  model_denoise  server_total
      333       0.006        0.000       0.002          0.000         0.085           0.119          0.013          0.074         0.121
      334       0.005        0.000       0.002          0.000         0.084           0.135          0.013          0.091         0.137
      335       0.006        0.000       0.001          0.000         0.073           0.124          0.013          0.083         0.125
      336       0.005        0.000       0.001          0.000         0.072           0.124          0.013          0.083         0.125
      337       0.006        0.000       0.002          0.000         0.073           0.124          0.013          0.084         0.126
      338       0.005        0.000       0.002          0.000         0.073           0.124          0.013          0.083         0.126
      339       0.006        0.000       0.001          0.000         0.072           0.124          0.013          0.084         0.125
      340       0.005        0.000       0.002          0.000         0.073           0.124          0.013          0.084         0.126
      341       0.006        0.000       0.002          0.000         0.073           0.124          0.013          0.083         0.126
      342       0.005        0.000       0.001          0.000         0.073           0.124          0.013          0.084         0.126
      343       0.007        0.000       0.001          0.000         0.073           0.125          0.013          0.084         0.126
      344       0.007        0.000       0.002          0.000         0.075           0.126          0.013          0.086         0.128
      345       0.005        0.000       0.001          0.000         0.076           0.127          0.013          0.086         0.129
      346       0.006        0.000       0.001          0.000         0.073           0.125          0.013          0.084         0.126
      347       0.005        0.000       0.001          0.000         0.073           0.125          0.013          0.084         0.126
      348       0.006        0.000       0.001          0.000         0.073           0.125          0.013          0.084         0.126
      349       0.005        0.000       0.001          0.000         0.074           0.125          0.013          0.084         0.126
      350       0.007        0.000       0.001          0.000         0.073           0.124          0.013          0.084         0.126
      351       0.006        0.000         n/a            n/a           n/a             n/a            n/a            n/a           n/a

=== Pi0.5 inference episode: 2026-07-25 20:01:31 ===
task: put cylinder in moving cup
config: transport=streaming_zmq, schedule=HAS, prefix_mode=official_rtc, u0=0.900, alpha=0.600, delay=4, early_stop_actions=5, execution_horizon=5, fps=20
summary: total_time=7.464s, inference_calls=31, completed_chunks=31, prefix_chunks=30, actions_applied=147, empty_action_steps=3
latency: avg_first_action=0.096s, p95_first_action=0.095s, recommended_delay=2, avg_final=0.145s, avg_chunk_duration=0.190s
profile: client_obs=0.006s, client_send=0.000s, server_preprocess=0.001s, server_kwargs=0.000s, server_first_delta=0.074s, server_compute=0.125s, server_postprocess=0.001s, server_send=0.000s, server_total=0.126s
high_level_profile: non_policy_overhead=0.008s, model_prefill=0.036s, model_denoise=0.084s, model_total=0.123s, robot_chunk_execution=0.190s
chunks:
  request  schedule  prefix  early_stop  emitted  executed  updates  first_action_s  final_s  duration_s
        1       HAS       0           5        5         5        4           0.144    0.144       0.195
        2       HAS       4           5        5         5        5           0.095    0.145       0.195
        3       HAS       4           5        5         5        5           0.095    0.145       0.195
        4       HAS       4           5        5         5        5           0.095    0.145       0.195
        5       HAS       4           5        5         5        5           0.095    0.145       0.194
        6       HAS       4           5        5         5        5           0.094    0.145       0.195
        7       HAS       4           5        5         5        5           0.095    0.145       0.194
        8       HAS       4           5        5         5        5           0.094    0.144       0.195
        9       HAS       4           5        5         5        5           0.095    0.145       0.195
       10       HAS       4           5        5         5        5           0.095    0.145       0.194
       11       HAS       4           5        5         5        5           0.094    0.145       0.194
       12       HAS       4           5        5         5        5           0.094    0.144       0.194
       13       HAS       4           5        5         5        5           0.094    0.145       0.194
       14       HAS       4           5        5         5        5           0.094    0.144       0.194
       15       HAS       4           5        5         5        5           0.094    0.145       0.194
       16       HAS       4           5        5         5        5           0.094    0.145       0.194
       17       HAS       4           5        5         5        5           0.095    0.145       0.194
       18       HAS       4           5        5         5        5           0.094    0.144       0.194
       19       HAS       4           5        5         5        5           0.094    0.144       0.195
       20       HAS       4           5        5         5        5           0.095    0.145       0.194
       21       HAS       4           5        5         5        5           0.094    0.145       0.195
       22       HAS       4           5        5         5        5           0.095    0.145       0.195
       23       HAS       4           5        5         5        5           0.094    0.145       0.195
       24       HAS       4           5        5         5        5           0.095    0.145       0.195
       25       HAS       4           5        5         5        5           0.095    0.146       0.196
       26       HAS       4           5        5         5        5           0.095    0.146       0.195
       27       HAS       4           5        5         5        5           0.095    0.146       0.195
       28       HAS       4           5        5         5        5           0.095    0.145       0.195
       29       HAS       4           5        5         5        5           0.094    0.145       0.195
       30       HAS       4           5        5         2        5           0.095    0.145       0.044
       31       HAS       4           5        0         0        0             n/a      n/a         n/a
profile by request:
  request  client_obs  client_send  server_pre  server_kwargs  server_first  server_compute  model_prefill  model_denoise  server_total
        1       0.006        0.000       0.002          0.000         0.085           0.122          0.013          0.077         0.124
        2       0.005        0.000       0.001          0.000         0.084           0.135          0.013          0.090         0.136
        3       0.005        0.000       0.002          0.000         0.073           0.124          0.013          0.083         0.125
        4       0.005        0.000       0.002          0.000         0.073           0.124          0.013          0.083         0.126
        5       0.005        0.000       0.001          0.000         0.072           0.124          0.013          0.083         0.125
        6       0.006        0.001       0.001          0.000         0.072           0.124          0.013          0.083         0.125
        7       0.005        0.000       0.001          0.000         0.072           0.124          0.013          0.084         0.125
        8       0.006        0.000       0.001          0.000         0.073           0.124          0.013          0.083         0.125
        9       0.005        0.000       0.001          0.000         0.072           0.124          0.013          0.083         0.125
       10       0.005        0.000       0.001          0.000         0.073           0.124          0.013          0.084         0.126
       11       0.006        0.000       0.002          0.000         0.074           0.125          0.013          0.085         0.127
       12       0.006        0.000       0.002          0.000         0.077           0.127          0.013          0.086         0.129
       13       0.006        0.000       0.001          0.000         0.073           0.125          0.013          0.084         0.126
       14       0.006        0.000       0.002          0.000         0.073           0.124          0.013          0.084         0.126
       15       0.006        0.000       0.001          0.000         0.073           0.124          0.013          0.084         0.126
       16       0.006        0.000       0.001          0.000         0.073           0.124          0.013          0.084         0.126
       17       0.006        0.001       0.001          0.000         0.073           0.125          0.013          0.084         0.126
       18       0.006        0.000       0.001          0.000         0.073           0.124          0.013          0.084         0.126
       19       0.006        0.000       0.001          0.000         0.073           0.124          0.013          0.084         0.126
       20       0.006        0.000       0.001          0.000         0.073           0.124          0.013          0.084         0.125
       21       0.006        0.000       0.001          0.000         0.073           0.125          0.013          0.085         0.126
       22       0.005        0.000       0.001          0.000         0.073           0.125          0.013          0.084         0.126
       23       0.006        0.000       0.001          0.000         0.074           0.125          0.013          0.084         0.126
       24       0.005        0.000       0.001          0.000         0.073           0.125          0.013          0.084         0.126
       25       0.005        0.000       0.001          0.000         0.073           0.124          0.013          0.084         0.126
       26       0.005        0.000       0.001          0.000         0.073           0.124          0.013          0.084         0.126
       27       0.005        0.000       0.002          0.000         0.073           0.124          0.013          0.084         0.126
       28       0.005        0.000       0.001          0.000         0.073           0.124          0.013          0.084         0.126
       29       0.006        0.000       0.001          0.000         0.073           0.125          0.013          0.084         0.126
       30       0.005        0.000       0.001          0.000         0.073           0.124          0.013          0.084         0.126
       31       0.006        0.000         n/a            n/a           n/a             n/a            n/a            n/a           n/a
